-- MySQL dump 10.13  Distrib 5.7.23, for Linux (x86_64)
--
-- Host: localhost    Database: smartTrainingDB
-- ------------------------------------------------------
-- Server version	5.7.23-0ubuntu0.16.04.1

/*!40101 SET @OLD_CHARACTER_SET_CLIENT=@@CHARACTER_SET_CLIENT */;
/*!40101 SET @OLD_CHARACTER_SET_RESULTS=@@CHARACTER_SET_RESULTS */;
/*!40101 SET @OLD_COLLATION_CONNECTION=@@COLLATION_CONNECTION */;
/*!40101 SET NAMES utf8 */;
/*!40103 SET @OLD_TIME_ZONE=@@TIME_ZONE */;
/*!40103 SET TIME_ZONE='+00:00' */;
/*!40014 SET @OLD_UNIQUE_CHECKS=@@UNIQUE_CHECKS, UNIQUE_CHECKS=0 */;
/*!40014 SET @OLD_FOREIGN_KEY_CHECKS=@@FOREIGN_KEY_CHECKS, FOREIGN_KEY_CHECKS=0 */;
/*!40101 SET @OLD_SQL_MODE=@@SQL_MODE, SQL_MODE='NO_AUTO_VALUE_ON_ZERO' */;
/*!40111 SET @OLD_SQL_NOTES=@@SQL_NOTES, SQL_NOTES=0 */;

--
-- Table structure for table `country`
--

DROP TABLE IF EXISTS `country`;
/*!40101 SET @saved_cs_client     = @@character_set_client */;
/*!40101 SET character_set_client = utf8 */;
CREATE TABLE `country` (
  `idcountry` int(11) NOT NULL,
  `name` varchar(45) NOT NULL,
  `createdCountry` datetime NOT NULL,
  `modifiedCountry` datetime NOT NULL,
  PRIMARY KEY (`idcountry`)
) ENGINE=InnoDB DEFAULT CHARSET=utf8;
/*!40101 SET character_set_client = @saved_cs_client */;

--
-- Dumping data for table `country`
--

LOCK TABLES `country` WRITE;
/*!40000 ALTER TABLE `country` DISABLE KEYS */;
INSERT INTO `country` VALUES (1,'CHILE','2018-12-16 23:08:44','2018-12-16 23:08:44'),(2,'EEUU','2018-12-16 23:09:00','2018-12-16 23:09:00');
/*!40000 ALTER TABLE `country` ENABLE KEYS */;
UNLOCK TABLES;

--
-- Table structure for table `dataSet`
--

DROP TABLE IF EXISTS `dataSet`;
/*!40101 SET @saved_cs_client     = @@character_set_client */;
/*!40101 SET character_set_client = utf8 */;
CREATE TABLE `dataSet` (
  `iddataSet` int(11) NOT NULL AUTO_INCREMENT,
  `nameDataSet` varchar(45) NOT NULL,
  `createdDataSet` datetime NOT NULL,
  `modifiedDataSet` datetime NOT NULL,
  `user` int(11) NOT NULL,
  `tipoDataSet` varchar(45) NOT NULL,
  `job` int(11) NOT NULL,
  PRIMARY KEY (`iddataSet`),
  KEY `fk_dataSet_user_idx` (`user`),
  CONSTRAINT `fk_dataSet_user` FOREIGN KEY (`user`) REFERENCES `user` (`iduser`) ON DELETE CASCADE ON UPDATE CASCADE
) ENGINE=InnoDB AUTO_INCREMENT=1547643856 DEFAULT CHARSET=utf8;
/*!40101 SET character_set_client = @saved_cs_client */;

--
-- Dumping data for table `dataSet`
--

LOCK TABLES `dataSet` WRITE;
/*!40000 ALTER TABLE `dataSet` DISABLE KEYS */;
INSERT INTO `dataSet` VALUES (1547438860,'dataSetTransform.csv','2019-01-14 01:07:40','2019-01-14 01:07:40',1,'CLUSTERING-FULL',1547438860),(1547439282,'data.csv','2019-01-14 01:14:42','2019-01-14 01:14:42',1,'CLUSTERING-FULL',1547439282),(1547439344,'dataSet.csv','2019-01-14 01:15:45','2019-01-14 01:15:45',1,'CLUSTERING-FULL',1547439344),(1547443843,'dataSet.csv','2019-01-14 02:30:43','2019-01-14 02:30:43',1,'CLUSTERING-FULL',1547443843),(1547493193,'dataSet.csv','2019-01-14 16:13:13','2019-01-14 16:13:13',1,'CLUSTERING',1547493193),(1547493537,'dataSet.csv','2019-01-14 16:18:58','2019-01-14 16:18:58',1,'CLUSTERING',1547493537),(1547493558,'dataSet.csv','2019-01-14 16:19:20','2019-01-14 16:19:20',1,'CLUSTERING',1547493558),(1547493600,'barChart_AAMt.svg','2019-01-14 16:20:00','2019-01-14 16:20:00',1,'CLUSTERING',1547493600),(1547499556,'index.html','2019-01-14 17:59:16','2019-01-14 17:59:16',1,'CLUSTERING',1547499556),(1547500788,'index.html','2019-01-14 18:19:48','2019-01-14 18:19:48',1,'CLASSIFICATION',1547500788),(1547502021,'dataFull.csv','2019-01-14 18:40:21','2019-01-14 18:40:21',1,'CLASSIFICATION',1547502021),(1547502392,'dataFull.csv','2019-01-14 18:46:32','2019-01-14 18:46:32',1,'CLASSIFICATION',1547502392),(1547505827,'dataFull.csv','2019-01-14 19:43:47','2019-01-14 19:43:47',1,'CLASSIFICATION',1547505827),(1547518126,'error.png','2019-01-14 23:08:46','2019-01-14 23:08:46',1,'PREDICTION',1547518126),(1547518162,'error.png','2019-01-14 23:09:22','2019-01-14 23:09:22',1,'PREDICTION',1547518162),(1547518337,'dataSet.csv','2019-01-14 23:12:17','2019-01-14 23:12:17',1,'PREDICTION',1547518337),(1547519208,'dataSet.csv','2019-01-14 23:26:48','2019-01-14 23:26:48',1,'PREDICTION',1547519208),(1547560774,'error.png','2019-01-15 10:59:34','2019-01-15 10:59:34',1,'CLASSIFICATION',1547560774),(1547560846,'error.png','2019-01-15 11:00:46','2019-01-15 11:00:46',1,'CLASSIFICATION',1547560846),(1547560918,'error.png','2019-01-15 11:01:58','2019-01-15 11:01:58',1,'CLASSIFICATION',1547560918),(1547561012,'error.png','2019-01-15 11:03:32','2019-01-15 11:03:32',1,'CLASSIFICATION',1547561012),(1547561090,'error.png','2019-01-15 11:04:50','2019-01-15 11:04:50',1,'CLASSIFICATION',1547561090),(1547561134,'error.png','2019-01-15 11:05:34','2019-01-15 11:05:34',1,'PREDICTION',1547561134),(1547561199,'error.png','2019-01-15 11:06:39','2019-01-15 11:06:39',1,'PREDICTION',1547561199),(1547561216,'error.png','2019-01-15 11:06:57','2019-01-15 11:06:57',1,'PREDICTION',1547561216),(1547561320,'error.png','2019-01-15 11:08:41','2019-01-15 11:08:41',1,'PREDICTION',1547561320),(1547561405,'error.png','2019-01-15 11:10:05','2019-01-15 11:10:05',1,'CLASSIFICATION',1547561405),(1547561434,'error.png','2019-01-15 11:10:34','2019-01-15 11:10:34',1,'CLASSIFICATION',1547561434),(1547562172,'error.png','2019-01-15 11:22:52','2019-01-15 11:22:52',1,'PREDICTION',1547562172),(1547562189,'error.png','2019-01-15 11:23:10','2019-01-15 11:23:10',1,'PREDICTION',1547562189),(1547562208,'error.png','2019-01-15 11:23:28','2019-01-15 11:23:28',1,'PREDICTION',1547562208),(1547562490,'error.png','2019-01-15 11:28:11','2019-01-15 11:28:11',1,'PREDICTION',1547562490),(1547562511,'error.png','2019-01-15 11:28:31','2019-01-15 11:28:31',1,'PREDICTION',1547562511),(1547562529,'error.png','2019-01-15 11:28:49','2019-01-15 11:28:49',1,'PREDICTION',1547562529),(1547562554,'error.png','2019-01-15 11:29:14','2019-01-15 11:29:14',1,'PREDICTION',1547562554),(1547562574,'error.png','2019-01-15 11:29:34','2019-01-15 11:29:34',1,'PREDICTION',1547562574),(1547562590,'error.png','2019-01-15 11:29:50','2019-01-15 11:29:50',1,'PREDICTION',1547562590),(1547562608,'error.png','2019-01-15 11:30:09','2019-01-15 11:30:09',1,'PREDICTION',1547562608),(1547562629,'error.png','2019-01-15 11:30:29','2019-01-15 11:30:29',1,'PREDICTION',1547562629),(1547562645,'error.png','2019-01-15 11:30:45','2019-01-15 11:30:45',1,'PREDICTION',1547562645),(1547562687,'dataSet.csv','2019-01-15 11:31:28','2019-01-15 11:31:28',1,'PREDICTION',1547562687),(1547562946,'dataSet.csv','2019-01-15 11:35:46','2019-01-15 11:35:46',1,'PREDICTION',1547562946),(1547563048,'dataSet.csv','2019-01-15 11:37:28','2019-01-15 11:37:28',1,'PREDICTION',1547563048),(1547563142,'dataSet.csv','2019-01-15 11:39:02','2019-01-15 11:39:02',1,'PREDICTION',1547563142),(1547563159,'error.png','2019-01-15 11:39:19','2019-01-15 11:39:19',1,'PREDICTION',1547563159),(1547563351,'error.png','2019-01-15 11:42:32','2019-01-15 11:42:32',1,'PREDICTION',1547563351),(1547563364,'dataSet.csv','2019-01-15 11:42:44','2019-01-15 11:42:44',1,'PREDICTION',1547563364),(1547563420,'dataSet.csv','2019-01-15 11:43:40','2019-01-15 11:43:40',1,'PREDICTION',1547563420),(1547563442,'error.png','2019-01-15 11:44:02','2019-01-15 11:44:02',1,'PREDICTION',1547563442),(1547563458,'error.png','2019-01-15 11:44:18','2019-01-15 11:44:18',1,'PREDICTION',1547563458),(1547563474,'dataSet.csv','2019-01-15 11:44:34','2019-01-15 11:44:34',1,'PREDICTION',1547563474),(1547563497,'dataSet.csv','2019-01-15 11:44:57','2019-01-15 11:44:57',1,'PREDICTION',1547563497),(1547563520,'error.png','2019-01-15 11:45:20','2019-01-15 11:45:20',1,'PREDICTION',1547563520),(1547563533,'error.png','2019-01-15 11:45:33','2019-01-15 11:45:33',1,'PREDICTION',1547563533),(1547563546,'dataSet.csv','2019-01-15 11:45:47','2019-01-15 11:45:47',1,'PREDICTION',1547563546),(1547563579,'dataSet.csv','2019-01-15 11:46:19','2019-01-15 11:46:19',1,'PREDICTION',1547563579),(1547563595,'error.png','2019-01-15 11:46:35','2019-01-15 11:46:35',1,'PREDICTION',1547563595),(1547563608,'error.png','2019-01-15 11:46:48','2019-01-15 11:46:48',1,'PREDICTION',1547563608),(1547563622,'dataSet.csv','2019-01-15 11:47:02','2019-01-15 11:47:02',1,'PREDICTION',1547563622),(1547563645,'dataSet.csv','2019-01-15 11:47:25','2019-01-15 11:47:25',1,'PREDICTION',1547563645),(1547563663,'error.png','2019-01-15 11:47:44','2019-01-15 11:47:44',1,'PREDICTION',1547563663),(1547563674,'error.png','2019-01-15 11:47:55','2019-01-15 11:47:55',1,'PREDICTION',1547563674),(1547564173,'error.png','2019-01-15 11:56:13','2019-01-15 11:56:13',1,'CLASSIFICATION',1547564173),(1547564191,'dataFull.csv','2019-01-15 11:56:31','2019-01-15 11:56:31',1,'CLASSIFICATION',1547564191),(1547564210,'dataFull.csv','2019-01-15 11:56:50','2019-01-15 11:56:50',1,'CLASSIFICATION',1547564210),(1547564760,'error.png','2019-01-15 12:06:00','2019-01-15 12:06:00',1,'CLASSIFICATION',1547564760),(1547564782,'dataFull.csv','2019-01-15 12:06:22','2019-01-15 12:06:22',1,'CLASSIFICATION',1547564782),(1547564850,'dataFull.csv','2019-01-15 12:07:31','2019-01-15 12:07:31',1,'CLASSIFICATION',1547564850),(1547564880,'dataFull.csv','2019-01-15 12:08:00','2019-01-15 12:08:00',1,'CLASSIFICATION',1547564880),(1547564922,'error.png','2019-01-15 12:08:42','2019-01-15 12:08:42',1,'CLASSIFICATION',1547564922),(1547564934,'error.png','2019-01-15 12:08:54','2019-01-15 12:08:54',1,'CLASSIFICATION',1547564934),(1547564977,'error.png','2019-01-15 12:09:37','2019-01-15 12:09:37',1,'CLASSIFICATION',1547564977),(1547564999,'dataFull.csv','2019-01-15 12:09:59','2019-01-15 12:09:59',1,'CLASSIFICATION',1547564999),(1547565053,'dataFull.csv','2019-01-15 12:10:53','2019-01-15 12:10:53',1,'CLASSIFICATION',1547565053),(1547565216,'error.png','2019-01-15 12:13:36','2019-01-15 12:13:36',1,'CLASSIFICATION',1547565216),(1547565230,'error.png','2019-01-15 12:13:50','2019-01-15 12:13:50',1,'CLASSIFICATION',1547565230),(1547565251,'error.png','2019-01-15 12:14:11','2019-01-15 12:14:11',1,'CLASSIFICATION',1547565251),(1547565265,'dataFull.csv','2019-01-15 12:14:25','2019-01-15 12:14:25',1,'CLASSIFICATION',1547565265),(1547565297,'dataFull.csv','2019-01-15 12:14:57','2019-01-15 12:14:57',1,'CLASSIFICATION',1547565297),(1547565313,'dataFull.csv','2019-01-15 12:15:13','2019-01-15 12:15:13',1,'CLASSIFICATION',1547565313),(1547565352,'error.png','2019-01-15 12:15:52','2019-01-15 12:15:52',1,'CLASSIFICATION',1547565352),(1547565364,'error.png','2019-01-15 12:16:04','2019-01-15 12:16:04',1,'CLASSIFICATION',1547565364),(1547565384,'error.png','2019-01-15 12:16:24','2019-01-15 12:16:24',1,'CLASSIFICATION',1547565384),(1547565399,'dataFull.csv','2019-01-15 12:16:39','2019-01-15 12:16:39',1,'CLASSIFICATION',1547565399),(1547565429,'dataFull.csv','2019-01-15 12:17:09','2019-01-15 12:17:09',1,'CLASSIFICATION',1547565429),(1547565444,'dataFull.csv','2019-01-15 12:17:24','2019-01-15 12:17:24',1,'CLASSIFICATION',1547565444),(1547565489,'error.png','2019-01-15 12:18:09','2019-01-15 12:18:09',1,'CLASSIFICATION',1547565489),(1547565502,'error.png','2019-01-15 12:18:22','2019-01-15 12:18:22',1,'CLASSIFICATION',1547565502),(1547565514,'error.png','2019-01-15 12:18:34','2019-01-15 12:18:34',1,'CLASSIFICATION',1547565514),(1547565528,'error.png','2019-01-15 12:18:48','2019-01-15 12:18:48',1,'CLASSIFICATION',1547565528),(1547565543,'dataFull.csv','2019-01-15 12:19:03','2019-01-15 12:19:03',1,'CLASSIFICATION',1547565543),(1547565589,'dataFull.csv','2019-01-15 12:19:49','2019-01-15 12:19:49',1,'CLASSIFICATION',1547565589),(1547565628,'dataFull.csv','2019-01-15 12:20:28','2019-01-15 12:20:28',1,'CLASSIFICATION',1547565628),(1547565643,'error.png','2019-01-15 12:20:43','2019-01-15 12:20:43',1,'CLASSIFICATION',1547565643),(1547565779,'index.html','2019-01-15 12:23:00','2019-01-15 12:23:00',1,'CLUSTERING-FULL',1547565779),(1547565794,'error.png','2019-01-15 12:23:14','2019-01-15 12:23:14',1,'CLUSTERING-FULL',1547565794),(1547565806,'dataSet.csv','2019-01-15 12:23:26','2019-01-15 12:23:26',1,'CLUSTERING-FULL',1547565806),(1547565843,'dataSet.csv','2019-01-15 12:24:03','2019-01-15 12:24:03',1,'CLUSTERING',1547565843),(1547565855,'dataSet.csv','2019-01-15 12:24:15','2019-01-15 12:24:15',1,'CLUSTERING',1547565855),(1547565869,'dataSet.csv','2019-01-15 12:24:29','2019-01-15 12:24:29',1,'CLUSTERING',1547565869),(1547565883,'dataSet.csv','2019-01-15 12:24:43','2019-01-15 12:24:43',1,'CLUSTERING',1547565883),(1547565897,'dataSet.csv','2019-01-15 12:24:57','2019-01-15 12:24:57',1,'CLUSTERING',1547565897),(1547565979,'dataSet.csv','2019-01-15 12:26:19','2019-01-15 12:26:19',1,'CLUSTERING-FULL',1547565979),(1547565992,'dataSet.csv','2019-01-15 12:26:33','2019-01-15 12:26:33',1,'CLUSTERING',1547565992),(1547568518,'dataFull.csv','2019-01-15 13:08:38','2019-01-15 13:08:38',1,'CORRELATION',1547568518),(1547568958,'error.png','2019-01-15 13:15:59','2019-01-15 13:15:59',1,'CORRELATION',1547568958),(1547568978,'dataFull.csv','2019-01-15 13:16:19','2019-01-15 13:16:19',1,'CORRELATION',1547568978),(1547569204,'dataFull.csv','2019-01-15 13:20:04','2019-01-15 13:20:04',1,'CHARACTERISTICS',1547569204),(1547569222,'dataFull.csv','2019-01-15 13:20:22','2019-01-15 13:20:22',1,'CHARACTERISTICS',1547569222),(1547569256,'error.png','2019-01-15 13:20:56','2019-01-15 13:20:56',1,'CHARACTERISTICS',1547569256),(1547570535,'dataFull.csv','2019-01-15 13:42:15','2019-01-15 13:42:15',1,'CLASS',1547570535),(1547570553,'dataFull.csv','2019-01-15 13:42:33','2019-01-15 13:42:33',1,'CLASS',1547570553),(1547570578,'dataSet.csv','2019-01-15 13:42:59','2019-01-15 13:42:59',1,'PREDICTION',1547570578),(1547570602,'dataSet.csv','2019-01-15 13:43:22','2019-01-15 13:43:22',1,'PREDICTION',1547570602),(1547570629,'dataSet.csv','2019-01-15 13:43:49','2019-01-15 13:43:49',1,'CLUSTERING',1547570629),(1547570650,'dataSet.csv','2019-01-15 13:44:10','2019-01-15 13:44:10',1,'CLUSTERING',1547570650),(1547583409,'dataSet.csv','2019-01-15 17:16:49','2019-01-15 17:16:49',1,'PREDICTION',1547583409),(1547583491,'dataSet.csv','2019-01-15 17:18:11','2019-01-15 17:18:11',1,'PREDICTION',1547583491),(1547583593,'dataSet.csv','2019-01-15 17:19:53','2019-01-15 17:19:53',1,'queue-PREDICTION',1547583593),(1547597878,'dataSet.csv','2019-01-15 21:17:58','2019-01-15 21:17:58',1,'CLASS',1547597878),(1547603349,'dataFull.csv','2019-01-15 22:49:09','2019-01-15 22:49:09',1,'queue-CLASSIFICATION',1547603349),(1547611221,'dataFull.csv','2019-01-16 01:00:21','2019-01-16 01:00:21',1,'CLASS',1547611221),(1547613109,'dataFull.csv','2019-01-16 01:31:49','2019-01-16 01:31:49',1,'CLASS',1547613109),(1547613663,'dataFull.csv','2019-01-16 01:41:03','2019-01-16 01:41:03',1,'CLASS',1547613663),(1547614007,'dataFull.csv','2019-01-16 01:46:47','2019-01-16 01:46:47',1,'CLASS',1547614007),(1547614075,'dataFull.csv','2019-01-16 01:47:56','2019-01-16 01:47:56',1,'CLASS',1547614075),(1547614427,'dataFull.csv','2019-01-16 01:53:47','2019-01-16 01:53:47',1,'CLASS',1547614427),(1547640994,'dataFull.csv','2019-01-16 09:16:34','2019-01-16 09:16:34',1,'CLASS',1547640994),(1547641370,'dataFull.csv','2019-01-16 09:22:51','2019-01-16 09:22:51',1,'CLASS',1547641370),(1547641761,'dataFull.csv','2019-01-16 09:29:21','2019-01-16 09:29:21',1,'CLASS',1547641761),(1547643855,'dataFull.csv','2019-01-16 10:04:16','2019-01-16 10:04:16',1,'CLASS',1547643855);
/*!40000 ALTER TABLE `dataSet` ENABLE KEYS */;
UNLOCK TABLES;

--
-- Table structure for table `feature`
--

DROP TABLE IF EXISTS `feature`;
/*!40101 SET @saved_cs_client     = @@character_set_client */;
/*!40101 SET character_set_client = utf8 */;
CREATE TABLE `feature` (
  `idfeature` int(11) NOT NULL AUTO_INCREMENT,
  `nameFeature` varchar(45) NOT NULL,
  `kind` varchar(45) NOT NULL,
  `dataSet` int(11) NOT NULL,
  PRIMARY KEY (`idfeature`),
  KEY `fk_feature_dataSet1_idx` (`dataSet`),
  CONSTRAINT `fk_feature_dataSet1` FOREIGN KEY (`dataSet`) REFERENCES `dataSet` (`iddataSet`) ON DELETE CASCADE ON UPDATE CASCADE
) ENGINE=InnoDB AUTO_INCREMENT=17 DEFAULT CHARSET=utf8;
/*!40101 SET character_set_client = @saved_cs_client */;

--
-- Dumping data for table `feature`
--

LOCK TABLES `feature` WRITE;
/*!40000 ALTER TABLE `feature` DISABLE KEYS */;
/*!40000 ALTER TABLE `feature` ENABLE KEYS */;
UNLOCK TABLES;

--
-- Table structure for table `institution`
--

DROP TABLE IF EXISTS `institution`;
/*!40101 SET @saved_cs_client     = @@character_set_client */;
/*!40101 SET character_set_client = utf8 */;
CREATE TABLE `institution` (
  `idinstitution` int(11) NOT NULL,
  `nameInstitution` varchar(45) NOT NULL,
  `createdInstitution` datetime NOT NULL,
  `modifiedInstitution` datetime NOT NULL,
  `country` int(11) NOT NULL,
  PRIMARY KEY (`idinstitution`),
  KEY `fk_institution_country_idx` (`country`),
  CONSTRAINT `fk_institution_country` FOREIGN KEY (`country`) REFERENCES `country` (`idcountry`) ON DELETE CASCADE ON UPDATE CASCADE
) ENGINE=InnoDB DEFAULT CHARSET=utf8;
/*!40101 SET character_set_client = @saved_cs_client */;

--
-- Dumping data for table `institution`
--

LOCK TABLES `institution` WRITE;
/*!40000 ALTER TABLE `institution` DISABLE KEYS */;
INSERT INTO `institution` VALUES (1,'UNIVERSIDAD DE CHILE','2018-12-16 23:12:01','2018-12-16 23:12:01',1),(2,'UNIVERSIDAD DE SANTIAGO','2018-12-16 23:12:10','2018-12-16 23:12:10',1),(3,'UNIVERSIDAD DE CONCEPCION','2018-12-16 23:12:21','2018-12-16 23:12:21',1),(1547294173,'Universidad Andrés Bello','2019-01-12 08:56:13','2019-01-12 08:56:13',1);
/*!40000 ALTER TABLE `institution` ENABLE KEYS */;
UNLOCK TABLES;

--
-- Table structure for table `job`
--

DROP TABLE IF EXISTS `job`;
/*!40101 SET @saved_cs_client     = @@character_set_client */;
/*!40101 SET character_set_client = utf8 */;
CREATE TABLE `job` (
  `idjob` int(11) NOT NULL AUTO_INCREMENT,
  `nameJob` varchar(45) NOT NULL,
  `descriptionJob` varchar(450) NOT NULL,
  `createdJob` datetime NOT NULL,
  `modifiedJob` datetime NOT NULL,
  `user` int(11) NOT NULL,
  `nameDataset` varchar(450) NOT NULL,
  `statusJob` varchar(45) NOT NULL,
  `tipo_job` varchar(45) NOT NULL,
  PRIMARY KEY (`idjob`),
  KEY `fk_job_user1_idx` (`user`),
  CONSTRAINT `fk_job_user1` FOREIGN KEY (`user`) REFERENCES `user` (`iduser`) ON DELETE CASCADE ON UPDATE CASCADE
) ENGINE=InnoDB AUTO_INCREMENT=1547643856 DEFAULT CHARSET=utf8;
/*!40101 SET character_set_client = @saved_cs_client */;

--
-- Dumping data for table `job`
--

LOCK TABLES `job` WRITE;
/*!40000 ALTER TABLE `job` DISABLE KEYS */;
INSERT INTO `job` VALUES (1547424449,'Testing Job','Testing job','2019-01-13 21:07:29','2019-01-13 21:07:52',1,'dataFull.csv','FINISH','CHARACTERISTICS'),(1547425886,'Testing dataSet','Testing','2019-01-13 21:31:26','2019-01-13 21:31:27',1,'dataSetTransform.csv','FINISH','CORRELATION'),(1547425942,'Testing','Testing','2019-01-13 21:32:22','2019-01-13 21:32:23',1,'dataSetTransform.csv','FINISH','CHARACTERISTICS'),(1547426617,'Testing Characteristic','Testing correlation data','2019-01-13 21:43:37','2019-01-13 21:43:38',1,'dataSetTransform.csv','FINISH','CORRELATION'),(1547426697,'Te','tes','2019-01-13 21:44:57','2019-01-13 21:44:59',1,'dataSetTransform.csv','FINISH','CHARACTERISTICS'),(1547438860,'Testing','Testing','2019-01-14 01:07:40','2019-01-14 01:12:42',1,'dataSetTransform.csv','FINISH','CLUSTERING-FULL'),(1547439282,'Testing','Testing','2019-01-14 01:14:42','2019-01-14 01:14:44',1,'data.csv','FINISH','CLUSTERING-FULL'),(1547439344,'Testing','Testing','2019-01-14 01:15:44','2019-01-14 01:15:46',1,'dataSet.csv','FINISH','CLUSTERING-FULL'),(1547440553,'Testing','Testing','2019-01-14 01:35:53','2019-01-14 01:35:53',1,'Cart. Aceptación Doc. - David Medina Ortiz.pdf','START','CLUSTERING-FULL'),(1547441026,'12321','123123','2019-01-14 01:43:46','2019-01-14 01:43:46',1,'Cart. Aceptación Doc. - David Medina Ortiz.pdf','START','CLUSTERING-FULL'),(1547441314,'12321','123123','2019-01-14 01:48:34','2019-01-14 01:48:34',1,'Cart. Aceptación Doc. - David Medina Ortiz.pdf','START','CLUSTERING-FULL'),(1547441401,'12321','123123','2019-01-14 01:50:01','2019-01-14 01:50:01',1,'Cart. Aceptación Doc. - David Medina Ortiz.pdf','START','CLUSTERING-FULL'),(1547441409,'12321','123123','2019-01-14 01:50:09','2019-01-14 01:50:09',1,'Cart. Aceptación Doc. - David Medina Ortiz.pdf','START','CLUSTERING-FULL'),(1547442050,'12321','123123','2019-01-14 02:00:50','2019-01-14 02:00:50',1,'Cart. Aceptación Doc. - David Medina Ortiz.pdf','START','CLUSTERING-FULL'),(1547442147,'12321','123123','2019-01-14 02:02:27','2019-01-14 02:02:27',1,'Cart. Aceptación Doc. - David Medina Ortiz.pdf','START','CLUSTERING-FULL'),(1547442335,'12321','123123','2019-01-14 02:05:35','2019-01-14 02:05:35',1,'Cart. Aceptación Doc. - David Medina Ortiz.pdf','START','CLUSTERING-FULL'),(1547442377,'12321','123123','2019-01-14 02:06:17','2019-01-14 02:06:17',1,'Cart. Aceptación Doc. - David Medina Ortiz.pdf','START','CLUSTERING-FULL'),(1547443843,'Testing','Testing','2019-01-14 02:30:43','2019-01-14 02:30:45',1,'dataSet.csv','FINISH','CLUSTERING-FULL'),(1547493193,'Testing one process','Testing','2019-01-14 16:13:13','2019-01-14 16:13:14',1,'dataSet.csv','FINISH','CLUSTERING'),(1547493537,'Testing','123213','2019-01-14 16:18:57','2019-01-14 16:18:59',1,'dataSet.csv','FINISH','CLUSTERING'),(1547493558,'Testing','123213','2019-01-14 16:19:18','2019-01-14 16:19:21',1,'dataSet.csv','FINISH','CLUSTERING'),(1547493600,'12321','123213','2019-01-14 16:20:00','2019-01-14 16:20:02',1,'barChart_AAMt.svg','FINISH','CLUSTERING'),(1547499556,'eqewq','wqeqwe','2019-01-14 17:59:16','2019-01-14 17:59:19',1,'index.html','FINISH','CLUSTERING'),(1547500788,'32321','123213','2019-01-14 18:19:48','2019-01-14 18:19:50',1,'index.html','FINISH','CLASSIFICATION'),(1547502021,'Testing CV','Testing CV','2019-01-14 18:40:21','2019-01-14 18:40:26',1,'dataFull.csv','FINISH','CLASSIFICATION'),(1547502392,'12313','123213','2019-01-14 18:46:32','2019-01-14 18:46:35',1,'dataFull.csv','FINISH','CLASSIFICATION'),(1547505827,'123','123','2019-01-14 19:43:47','2019-01-14 19:43:56',1,'dataFull.csv','FINISH','CLASSIFICATION'),(1547518126,'2321','123213|','2019-01-14 23:08:46','2019-01-14 23:08:46',1,'error.png','START','PREDICTION'),(1547518162,'2321','123213|','2019-01-14 23:09:22','2019-01-14 23:09:22',1,'error.png','START','PREDICTION'),(1547518337,'2321','123213','2019-01-14 23:12:17','2019-01-14 23:12:18',1,'dataSet.csv','FINISH','PREDICTION'),(1547519208,'2321','123213','2019-01-14 23:26:48','2019-01-14 23:26:50',1,'dataSet.csv','FINISH','PREDICTION'),(1547560774,'1231','123213','2019-01-15 10:59:34','2019-01-15 10:59:34',1,'error.png','START','CLASSIFICATION'),(1547560846,'1231','123213','2019-01-15 11:00:46','2019-01-15 11:00:46',1,'error.png','START','CLASSIFICATION'),(1547560918,'1231','123213','2019-01-15 11:01:58','2019-01-15 11:01:58',1,'error.png','START','CLASSIFICATION'),(1547561012,'1231','123213','2019-01-15 11:03:32','2019-01-15 11:03:32',1,'error.png','START','CLASSIFICATION'),(1547561090,'12321','123213','2019-01-15 11:04:50','2019-01-15 11:04:50',1,'error.png','START','CLASSIFICATION'),(1547561134,'12321','123213','2019-01-15 11:05:34','2019-01-15 11:05:34',1,'error.png','START','PREDICTION'),(1547561199,'12321','123213','2019-01-15 11:06:39','2019-01-15 11:06:39',1,'error.png','START','PREDICTION'),(1547561216,'2321','123213','2019-01-15 11:06:56','2019-01-15 11:06:56',1,'error.png','START','PREDICTION'),(1547561320,'123213','123213','2019-01-15 11:08:40','2019-01-15 11:08:40',1,'error.png','START','PREDICTION'),(1547561405,'213213','123213','2019-01-15 11:10:05','2019-01-15 11:10:05',1,'error.png','START','CLASSIFICATION'),(1547561434,'213213','123213','2019-01-15 11:10:34','2019-01-15 11:10:34',1,'error.png','START','CLASSIFICATION'),(1547562172,'123123','123123','2019-01-15 11:22:52','2019-01-15 11:22:52',1,'error.png','START','PREDICTION'),(1547562189,'123123','123213','2019-01-15 11:23:09','2019-01-15 11:23:09',1,'error.png','START','PREDICTION'),(1547562208,'12321','12321','2019-01-15 11:23:28','2019-01-15 11:23:28',1,'error.png','START','PREDICTION'),(1547562490,'12321','123123','2019-01-15 11:28:10','2019-01-15 11:28:12',1,'error.png','ERROR','PREDICTION'),(1547562511,'123213','123213','2019-01-15 11:28:31','2019-01-15 11:28:32',1,'error.png','ERROR','PREDICTION'),(1547562529,'123213','123213','2019-01-15 11:28:49','2019-01-15 11:28:49',1,'error.png','ERROR','PREDICTION'),(1547562554,'12321','123123','2019-01-15 11:29:14','2019-01-15 11:29:15',1,'error.png','ERROR','PREDICTION'),(1547562574,'12323','123123','2019-01-15 11:29:34','2019-01-15 11:29:34',1,'error.png','ERROR','PREDICTION'),(1547562590,'123213','123213','2019-01-15 11:29:50','2019-01-15 11:29:50',1,'error.png','ERROR','PREDICTION'),(1547562608,'123213','123213','2019-01-15 11:30:08','2019-01-15 11:30:09',1,'error.png','ERROR','PREDICTION'),(1547562629,'123213','123213','2019-01-15 11:30:29','2019-01-15 11:30:29',1,'error.png','ERROR','PREDICTION'),(1547562645,'123213','123213','2019-01-15 11:30:45','2019-01-15 11:30:45',1,'error.png','ERROR','PREDICTION'),(1547562687,'Testing Adaboost','Testing adaboost algorithm','2019-01-15 11:31:27','2019-01-15 11:31:28',1,'dataSet.csv','ERROR','PREDICTION'),(1547562946,'Testing Adaboost','Testing adaboost algorithm','2019-01-15 11:35:46','2019-01-15 11:35:47',1,'dataSet.csv','ERROR','PREDICTION'),(1547563048,'Testing Adaboost','Testing adaboost algorithm','2019-01-15 11:37:28','2019-01-15 11:37:29',1,'dataSet.csv','ERROR','PREDICTION'),(1547563142,'12321','123213','2019-01-15 11:39:02','2019-01-15 11:39:03',1,'dataSet.csv','FINISH','PREDICTION'),(1547563159,'123213','123123','2019-01-15 11:39:19','2019-01-15 11:39:20',1,'error.png','ERROR','PREDICTION'),(1547563351,'qw3eq2','123123','2019-01-15 11:42:31','2019-01-15 11:42:32',1,'error.png','ERROR','PREDICTION'),(1547563364,'12321','123213','2019-01-15 11:42:44','2019-01-15 11:42:45',1,'dataSet.csv','FINISH','PREDICTION'),(1547563420,'12321','12321','2019-01-15 11:43:40','2019-01-15 11:43:41',1,'dataSet.csv','FINISH','PREDICTION'),(1547563442,'123213|','123213','2019-01-15 11:44:02','2019-01-15 11:44:02',1,'error.png','ERROR','PREDICTION'),(1547563458,'123213','123213','2019-01-15 11:44:18','2019-01-15 11:44:19',1,'error.png','ERROR','PREDICTION'),(1547563474,'123213','123213','2019-01-15 11:44:34','2019-01-15 11:44:35',1,'dataSet.csv','FINISH','PREDICTION'),(1547563497,'123213','123213','2019-01-15 11:44:57','2019-01-15 11:44:58',1,'dataSet.csv','FINISH','PREDICTION'),(1547563520,'123213','123213','2019-01-15 11:45:20','2019-01-15 11:45:20',1,'error.png','ERROR','PREDICTION'),(1547563533,'12323','123213','2019-01-15 11:45:33','2019-01-15 11:45:34',1,'error.png','ERROR','PREDICTION'),(1547563546,'12321','123213','2019-01-15 11:45:46','2019-01-15 11:45:47',1,'dataSet.csv','FINISH','PREDICTION'),(1547563579,'123213','123213','2019-01-15 11:46:19','2019-01-15 11:46:20',1,'dataSet.csv','FINISH','PREDICTION'),(1547563595,'123213','123123','2019-01-15 11:46:35','2019-01-15 11:46:36',1,'error.png','ERROR','PREDICTION'),(1547563608,'12321','12313','2019-01-15 11:46:48','2019-01-15 11:46:49',1,'error.png','ERROR','PREDICTION'),(1547563622,'1321','123123','2019-01-15 11:47:02','2019-01-15 11:47:03',1,'dataSet.csv','FINISH','PREDICTION'),(1547563645,'12321','123213','2019-01-15 11:47:25','2019-01-15 11:47:25',1,'dataSet.csv','FINISH','PREDICTION'),(1547563663,'11232','123213','2019-01-15 11:47:43','2019-01-15 11:47:44',1,'error.png','ERROR','PREDICTION'),(1547563674,'123213','123213','2019-01-15 11:47:54','2019-01-15 11:47:55',1,'error.png','ERROR','PREDICTION'),(1547564173,'13213','123213','2019-01-15 11:56:13','2019-01-15 11:56:13',1,'error.png','ERROR','CLASSIFICATION'),(1547564191,'12323','123123','2019-01-15 11:56:31','2019-01-15 11:56:35',1,'dataFull.csv','FINISH','CLASSIFICATION'),(1547564210,'2131','123123','2019-01-15 11:56:50','2019-01-15 11:56:51',1,'dataFull.csv','ERROR','CLASSIFICATION'),(1547564760,'12313','123213','2019-01-15 12:06:00','2019-01-15 12:06:01',1,'error.png','ERROR','CLASSIFICATION'),(1547564782,'12313','123213','2019-01-15 12:06:22','2019-01-15 12:06:52',1,'dataFull.csv','FINISH','CLASSIFICATION'),(1547564850,'123123','123123','2019-01-15 12:07:30','2019-01-15 12:07:31',1,'dataFull.csv','ERROR','CLASSIFICATION'),(1547564880,'12321','123213','2019-01-15 12:08:00','2019-01-15 12:08:01',1,'dataFull.csv','FINISH','CLASSIFICATION'),(1547564922,'123213','123123','2019-01-15 12:08:42','2019-01-15 12:08:42',1,'error.png','ERROR','CLASSIFICATION'),(1547564934,'12312','123123','2019-01-15 12:08:54','2019-01-15 12:08:55',1,'error.png','ERROR','CLASSIFICATION'),(1547564977,'1231','123123','2019-01-15 12:09:37','2019-01-15 12:09:38',1,'error.png','ERROR','CLASSIFICATION'),(1547564999,'123','123','2019-01-15 12:09:59','2019-01-15 12:10:01',1,'dataFull.csv','FINISH','CLASSIFICATION'),(1547565053,'123213','123123','2019-01-15 12:10:53','2019-01-15 12:10:55',1,'dataFull.csv','FINISH','CLASSIFICATION'),(1547565216,'123213','123123','2019-01-15 12:13:36','2019-01-15 12:13:37',1,'error.png','ERROR','CLASSIFICATION'),(1547565230,'123213','123213','2019-01-15 12:13:50','2019-01-15 12:13:51',1,'error.png','ERROR','CLASSIFICATION'),(1547565251,'12321','123123','2019-01-15 12:14:11','2019-01-15 12:14:12',1,'error.png','ERROR','CLASSIFICATION'),(1547565265,'123213','123213','2019-01-15 12:14:25','2019-01-15 12:14:28',1,'dataFull.csv','FINISH','CLASSIFICATION'),(1547565297,'1231','123213','2019-01-15 12:14:57','2019-01-15 12:14:58',1,'dataFull.csv','ERROR','CLASSIFICATION'),(1547565313,'123213','123123','2019-01-15 12:15:13','2019-01-15 12:15:28',1,'dataFull.csv','FINISH','CLASSIFICATION'),(1547565352,'123213','123123','2019-01-15 12:15:52','2019-01-15 12:15:52',1,'error.png','ERROR','CLASSIFICATION'),(1547565364,'123','123213','2019-01-15 12:16:04','2019-01-15 12:16:05',1,'error.png','ERROR','CLASSIFICATION'),(1547565384,'123','123','2019-01-15 12:16:24','2019-01-15 12:16:25',1,'error.png','ERROR','CLASSIFICATION'),(1547565399,'1231','12312','2019-01-15 12:16:39','2019-01-15 12:16:48',1,'dataFull.csv','FINISH','CLASSIFICATION'),(1547565429,'1231','123123','2019-01-15 12:17:09','2019-01-15 12:17:10',1,'dataFull.csv','ERROR','CLASSIFICATION'),(1547565444,'12321','123213','2019-01-15 12:17:24','2019-01-15 12:17:27',1,'dataFull.csv','FINISH','CLASSIFICATION'),(1547565489,'123213','123213','2019-01-15 12:18:09','2019-01-15 12:18:09',1,'error.png','ERROR','CLASSIFICATION'),(1547565502,'123213','123213','2019-01-15 12:18:22','2019-01-15 12:18:22',1,'error.png','ERROR','CLASSIFICATION'),(1547565514,'123213','123123','2019-01-15 12:18:34','2019-01-15 12:18:35',1,'error.png','ERROR','CLASSIFICATION'),(1547565528,'123','123','2019-01-15 12:18:48','2019-01-15 12:18:49',1,'error.png','ERROR','CLASSIFICATION'),(1547565543,'12321','123123','2019-01-15 12:19:03','2019-01-15 12:19:32',1,'dataFull.csv','FINISH','CLASSIFICATION'),(1547565589,'123','123','2019-01-15 12:19:49','2019-01-15 12:19:52',1,'dataFull.csv','FINISH','CLASSIFICATION'),(1547565628,'12313','12313','2019-01-15 12:20:28','2019-01-15 12:20:29',1,'dataFull.csv','ERROR','CLASSIFICATION'),(1547565643,'123123','12313','2019-01-15 12:20:43','2019-01-15 12:20:43',1,'error.png','ERROR','CLASSIFICATION'),(1547565779,'1231','123213','2019-01-15 12:22:59','2019-01-15 12:22:59',1,'index.html','START','CLUSTERING-FULL'),(1547565794,'123213','123213','2019-01-15 12:23:14','2019-01-15 12:23:14',1,'error.png','START','CLUSTERING-FULL'),(1547565806,'123123','123213','2019-01-15 12:23:26','2019-01-15 12:23:28',1,'dataSet.csv','FINISH','CLUSTERING-FULL'),(1547565843,'123213','123213','2019-01-15 12:24:03','2019-01-15 12:24:03',1,'dataSet.csv','START','CLUSTERING'),(1547565855,'12321','123213','2019-01-15 12:24:15','2019-01-15 12:24:15',1,'dataSet.csv','START','CLUSTERING'),(1547565869,'123213','123123','2019-01-15 12:24:29','2019-01-15 12:24:29',1,'dataSet.csv','START','CLUSTERING'),(1547565883,'123213','123213','2019-01-15 12:24:43','2019-01-15 12:24:43',1,'dataSet.csv','START','CLUSTERING'),(1547565897,'123213','123123','2019-01-15 12:24:57','2019-01-15 12:24:57',1,'dataSet.csv','START','CLUSTERING'),(1547565979,'123213','12312321','2019-01-15 12:26:19','2019-01-15 12:26:20',1,'dataSet.csv','ERROR','CLUSTERING-FULL'),(1547565992,'123123','12321321','2019-01-15 12:26:32','2019-01-15 12:26:33',1,'dataSet.csv','ERROR','CLUSTERING'),(1547568518,'Testing','Testing','2019-01-15 13:08:38','2019-01-15 13:08:42',1,'dataFull.csv','FINISH','CORRELATION'),(1547568958,'123213','123123','2019-01-15 13:15:58','2019-01-15 13:16:00',1,'error.png','ERROR','CORRELATION'),(1547568978,'123213','12312321','2019-01-15 13:16:18','2019-01-15 13:16:19',1,'dataFull.csv','FINISH','CORRELATION'),(1547569204,'123123','123123','2019-01-15 13:20:04','2019-01-15 13:20:05',1,'dataFull.csv','FINISH','CHARACTERISTICS'),(1547569222,'132213','12312312','2019-01-15 13:20:22','2019-01-15 13:20:23',1,'dataFull.csv','ERROR','CHARACTERISTICS'),(1547569256,'12321','123123','2019-01-15 13:20:56','2019-01-15 13:20:56',1,'error.png','ERROR','CHARACTERISTICS'),(1547570327,'Testing Characteristic','Testing correlation data','2019-01-15 13:38:47','2019-01-15 13:38:47',1,'dataFull.csv','ERROR','CORRELATION'),(1547570535,'12321','1233','2019-01-15 13:42:15','2019-01-15 13:42:16',1,'dataFull.csv','FINISH','CORRELATION'),(1547570553,'12321','123123','2019-01-15 13:42:33','2019-01-15 13:42:33',1,'dataFull.csv','FINISH','CHARACTERISTICS'),(1547570578,'1231','123123','2019-01-15 13:42:58','2019-01-15 13:42:59',1,'dataSet.csv','FINISH','CORRELATION'),(1547570602,'12321','123123','2019-01-15 13:43:22','2019-01-15 13:43:23',1,'dataSet.csv','FINISH','CHARACTERISTICS'),(1547570629,'123213','123123','2019-01-15 13:43:49','2019-01-15 13:43:50',1,'dataSet.csv','FINISH','CORRELATION'),(1547570650,'1231','123123','2019-01-15 13:44:10','2019-01-15 13:44:10',1,'dataSet.csv','FINISH','CHARACTERISTICS'),(1547583593,'12313','123123','2019-01-15 17:19:53','2019-01-15 19:12:20',1,'dataSet.csv','PROCESSING','queue-PREDICTION'),(1547597878,'123213','123213','2019-01-15 21:17:58','2019-01-15 21:17:59',1,'dataSet.csv','ERROR','CORRELATION'),(1547597904,'23321|','1231|','2019-01-15 21:18:24','2019-01-15 21:18:25',1,'Cart. Aceptación Doc. - David Medina Ortiz.pdf','ERROR','CORRELATION'),(1547603349,'Testing queue Classification','Testing','2019-01-15 22:49:09','2019-01-15 22:49:39',1,'dataFull.csv','PROCESSING','queue-CLASSIFICATION'),(1547611221,'Testing Mutual information','Testing mutual information','2019-01-16 01:00:21','2019-01-16 09:06:51',1,'dataFull.csv','FINISH','MUTUAL-INFORMATION'),(1547613109,'Testing MI','Testing mutual information','2019-01-16 01:31:49','2019-01-16 01:31:51',1,'dataFull.csv','FINISH','MUTUAL-INFORMATION'),(1547613663,'Testing PCA','Testing PCA normal','2019-01-16 01:41:03','2019-01-16 01:41:10',1,'dataFull.csv','FINISH','CORRELATION'),(1547614007,'Testing PCA Incremental','Testing PCA incremental','2019-01-16 01:46:47','2019-01-16 01:46:48',1,'dataFull.csv','FINISH','CORRELATION'),(1547614075,'Testing PCA Incremental','Testing PCA incremental','2019-01-16 01:47:55','2019-01-16 01:47:56',1,'dataFull.csv','FINISH','PCA-INCREMENTAL'),(1547614427,'Testing Kernel PCA','Testing Kernel PCA','2019-01-16 01:53:47','2019-01-16 01:53:48',1,'dataFull.csv','FINISH','KERNEL-PCA'),(1547640994,'Testing correlation data','Testing correlation data','2019-01-16 09:16:34','2019-01-16 09:16:38',1,'dataFull.csv','FINISH','CORRELATION'),(1547641370,'Testing PCA','Testing PCA','2019-01-16 09:22:50','2019-01-16 09:22:52',1,'dataFull.csv','FINISH','PCA'),(1547641761,'Testing PCA Incremental','Testing PCA incremental','2019-01-16 09:29:21','2019-01-16 09:29:22',1,'dataFull.csv','FINISH','PCA-INCREMENTAL'),(1547643855,'Testing Kernel PCA','Testing Kernel PCA','2019-01-16 10:04:15','2019-01-16 10:04:16',1,'dataFull.csv','FINISH','KERNEL-PCA');
/*!40000 ALTER TABLE `job` ENABLE KEYS */;
UNLOCK TABLES;

--
-- Table structure for table `jobUsedataSet`
--

DROP TABLE IF EXISTS `jobUsedataSet`;
/*!40101 SET @saved_cs_client     = @@character_set_client */;
/*!40101 SET character_set_client = utf8 */;
CREATE TABLE `jobUsedataSet` (
  `job` int(11) NOT NULL,
  `dataSet` int(11) NOT NULL,
  PRIMARY KEY (`job`,`dataSet`),
  KEY `fk_job_has_dataSet_dataSet1_idx` (`dataSet`),
  KEY `fk_job_has_dataSet_job1_idx` (`job`),
  CONSTRAINT `fk_job_has_dataSet_dataSet1` FOREIGN KEY (`dataSet`) REFERENCES `dataSet` (`iddataSet`) ON DELETE CASCADE ON UPDATE CASCADE,
  CONSTRAINT `fk_job_has_dataSet_job1` FOREIGN KEY (`job`) REFERENCES `job` (`idjob`) ON DELETE CASCADE ON UPDATE CASCADE
) ENGINE=InnoDB DEFAULT CHARSET=utf8;
/*!40101 SET character_set_client = @saved_cs_client */;

--
-- Dumping data for table `jobUsedataSet`
--

LOCK TABLES `jobUsedataSet` WRITE;
/*!40000 ALTER TABLE `jobUsedataSet` DISABLE KEYS */;
/*!40000 ALTER TABLE `jobUsedataSet` ENABLE KEYS */;
UNLOCK TABLES;

--
-- Table structure for table `user`
--

DROP TABLE IF EXISTS `user`;
/*!40101 SET @saved_cs_client     = @@character_set_client */;
/*!40101 SET character_set_client = utf8 */;
CREATE TABLE `user` (
  `iduser` int(11) NOT NULL AUTO_INCREMENT,
  `nameUser` varchar(45) NOT NULL,
  `password` varchar(45) NOT NULL,
  `emailUser` varchar(45) NOT NULL,
  `statusUser` varchar(45) NOT NULL,
  `createdUser` datetime NOT NULL,
  `modifiedUser` datetime NOT NULL,
  `institution` int(11) NOT NULL,
  `fullName` varchar(450) NOT NULL,
  PRIMARY KEY (`iduser`)
) ENGINE=InnoDB AUTO_INCREMENT=1547294174 DEFAULT CHARSET=utf8;
/*!40101 SET character_set_client = @saved_cs_client */;

--
-- Dumping data for table `user`
--

LOCK TABLES `user` WRITE;
/*!40000 ALTER TABLE `user` DISABLE KEYS */;
INSERT INTO `user` VALUES (1,'demoUser','demo','david.medina@cebib.cl','WAITING','2018-11-11 12:24:01','2018-12-16 23:32:43',1,'Full Name Demo'),(1547293936,'dmedina','123ewq','david.medina@cebib.cl','CANCELED','2019-01-12 08:52:16','2019-01-12 11:26:59',1,'David Medina'),(1547294173,'dinostroza','12367895','diego.inos@hotmail.com','WAITING','2019-01-12 08:56:13','2019-01-12 08:56:13',1547294173,'Diego Inostroza');
/*!40000 ALTER TABLE `user` ENABLE KEYS */;
UNLOCK TABLES;
/*!40103 SET TIME_ZONE=@OLD_TIME_ZONE */;

/*!40101 SET SQL_MODE=@OLD_SQL_MODE */;
/*!40014 SET FOREIGN_KEY_CHECKS=@OLD_FOREIGN_KEY_CHECKS */;
/*!40014 SET UNIQUE_CHECKS=@OLD_UNIQUE_CHECKS */;
/*!40101 SET CHARACTER_SET_CLIENT=@OLD_CHARACTER_SET_CLIENT */;
/*!40101 SET CHARACTER_SET_RESULTS=@OLD_CHARACTER_SET_RESULTS */;
/*!40101 SET COLLATION_CONNECTION=@OLD_COLLATION_CONNECTION */;
/*!40111 SET SQL_NOTES=@OLD_SQL_NOTES */;

-- Dump completed on 2019-01-16 10:07:13
