,0,1,2,3,4,5,6,7,8,9,10,11,12,13,14
0,-0.118609275831,0.428491044962,-0.016616206606,-0.0112465519239,0.00712490855155,0.0236809829939,0.0285998692754,-0.021861947339,-0.000785963204151,0.00275885815586,-0.0156217879505,0.00187979298575,-0.00854449545237,0.00548517393621,0.00157583059901
1,0.194188994298,-0.336820287544,-0.346615874142,-0.00276457703542,-0.0372385837332,-0.0289652999439,-0.00240379241402,-0.0013396712724,-0.00483019807911,0.0022628801704,0.00128964343915,-0.00343193385148,0.00274977051569,-0.000919962893302,0.000707412415126
2,-0.788963171215,-0.603443164259,0.554156746611,-0.199771680227,0.0258355143058,0.147502384533,-0.0379395363327,0.106764516313,0.0140261465816,0.0262096997755,-0.002090905481,0.0218478145324,0.00674666724995,0.01648626729,0.0190407723397
3,-0.197038858482,0.516796609107,0.251849504379,0.00224289382483,-0.0388005014548,0.0513391107492,-0.0433214450988,0.0210138190993,-0.00546025597729,0.000821841891687,0.00521098732185,0.00561421897054,-0.000699266048849,-0.00447194231631,0.000869659438016
4,0.0106563891018,0.182329733015,0.665455098199,-0.0325713016438,-0.032502720398,0.0570046547757,-0.000810700155364,0.0209122526246,-0.00961169954645,-0.00586890379741,-0.00503320754105,0.00378221457111,-0.00306580211625,0.000467729637148,0.0058260869527
5,-0.42226088453,-0.797095935515,0.8321811303,-0.101690205742,-0.219296671824,0.0750694058538,0.0405541265323,0.037317721505,-0.014397786606,-0.00796087123515,-0.0270640228634,0.00980066795608,-0.0028905456742,-0.00461714611595,0.00453181047493
6,0.297050205323,-0.131750148321,-0.142004265722,0.0070200009954,-0.0120906995698,-0.0138754263049,0.000625011499804,-0.000606666364869,-0.000981096044603,0.00131383261372,0.000382782680747,-0.00235683707809,-0.00114509682175,-0.000539744368581,0.000507821535874
7,0.283872499863,-0.162223010635,-0.186208800397,0.00922820695021,-0.0144394309677,-0.0155298750342,-0.00253779136502,-0.000183246021557,-0.000415418008294,0.000352639509076,-0.000216818947209,-0.00229383875707,-0.00113735851056,-0.000755965364272,0.00046721967842
8,0.212438513733,0.198354646334,0.143187033027,0.0226819138234,0.0133916478874,0.0123240410841,-0.00530684554197,0.00216876339471,-0.000457585678149,0.00014750279071,0.00279740048,0.0012363206134,0.00136570279465,-0.00104324667533,-0.00136157624524
9,0.246142293961,0.0782767549873,0.0715193204601,0.00401995218797,0.0400620107965,0.00987728946861,0.00500700909884,0.00445611226778,0.00413060371421,0.000539174750949,0.00210235445161,0.00113604827389,0.00224326486157,0.00190701612587,-0.00010889545312
10,0.185223940078,0.285555247164,0.282472345319,0.0301697392354,-0.0441919632872,0.0117852215288,0.00363768436754,-0.00507117794143,-0.0079909760138,-0.00207100163902,0.00163757702461,-7.51061903079e-05,0.000751083521185,0.000123887989379,0.000318215825474
11,0.191175609343,0.256583462002,0.189904363836,0.0102174939983,-0.0211190945372,0.0163366671328,0.00267010341575,-0.0120311188866,0.0109268769929,-0.00370812577773,0.00265585306229,-0.000205463783312,0.00301683113712,0.000495510796992,0.000178157178239
12,0.290463817053,-0.107492799352,0.0140772447403,0.00118515161658,0.0500457580816,0.00380404304177,0.0110756788626,0.00398595608954,0.00698874271231,-0.00465700019701,-0.00288215555214,0.000935651456955,0.00134883595784,-0.000494274729605,-0.00188502035847
13,0.156385188639,0.332324128561,0.284044393151,0.0332972170117,-0.0616892631969,0.0149514379868,-0.00147469179349,-0.0115408099561,-0.000799901157158,0.000772024114531,0.00423824550975,0.000178577742316,0.00273690561168,-0.00050593065496,-0.000510716943745
14,0.303632859318,-0.0709594226974,-0.0892087791892,0.00359429982309,-0.012494001229,-0.0141264255693,-0.00399549483174,0.00159441781417,0.0071101554116,8.01114271317e-05,0.000185675605969,-0.000288087829882,-0.00107160407124,-0.000855646529453,0.000411709143008
15,0.288472496476,0.053069832643,-0.00404974131804,0.0178346241611,-0.00829572795502,-0.00307893600273,0.00121407371912,-0.00438215485622,0.00214441523682,0.00134925305685,0.00240214779992,-0.00416384230566,0.000324600496538,-0.000256736095424,-0.000624246429875
16,-1.04475951249,-0.0214439312948,-0.183974337188,0.34159511751,0.0336017921148,-0.0668179589585,0.211230471046,0.0839987333172,0.0305824096778,-0.0323941219462,0.0193785775047,0.017827237406,-0.00155719883369,0.0126074685537,0.00454349106137
17,-1.04149245003,-0.039618492035,-0.161489806688,0.35009276542,0.050242786996,-0.0692131570313,0.222209265927,0.0867237844605,0.0321076530645,-0.0314838018289,0.0189981001867,0.0189926044714,-0.00474754736845,0.00180777843824,-0.00315827832792
18,-0.187437957108,-0.685511699644,0.710171245407,0.829160667129,-0.160866958108,-0.0946660109747,-0.0862341665549,0.0461714902138,-0.0202569836289,-0.00499400470722,0.0183186209581,0.0239659067571,0.0176927147593,0.00254955391747,-0.00612921112372
19,-1.01911733799,0.116548731176,-0.409195901841,0.0185902838674,-0.220869501869,-0.0235142597235,-0.0153658243573,-0.0274945708155,-0.0104737238423,0.00513750133877,-0.00339217654358,-0.00364076176984,-0.0105946187153,0.000499646599115,0.00518438779164
20,-0.955330882167,0.111812273029,-0.310082829676,0.122115012204,0.0254406130023,-0.0299516504681,-0.116439152769,-0.0200430144477,-0.00330318954316,0.0312470559035,0.00971442318705,-0.00313692343304,-0.0177748351918,-0.000658751136437,0.00556402170973
21,-0.129715874057,0.530385917197,0.247689918325,0.0295117466504,-0.0762944971791,0.0123441000955,-0.0105066245648,-0.0111474338658,-0.0125627344245,0.000844573843435,0.004178187958,-0.00168664524109,-0.00449457172311,-0.0006178638972,0.00254510490653
22,-0.240495582625,0.305300206502,0.0822566318408,-0.124628063758,0.146628328064,-0.034420606564,-0.0104393348344,0.00164622709801,-0.00113755284797,-0.0137056537405,0.0151866975527,0.00534828698255,0.00933817712835,-0.00548303716725,-0.0058094027118
23,-0.83942712494,0.138182342366,-0.44742501767,-0.0581836132467,-0.121918038373,-0.0426831631611,-0.0362204429496,-0.00389646555023,-0.00695116517943,-0.00806612119011,0.0126538199006,0.00870022913563,0.0159328342025,-0.00364446059933,-0.00583711226183
24,-0.113859858212,0.190802560819,0.221930705007,-0.101232352147,0.200473790107,-0.0472160079451,-0.0294374639889,-7.48036605577e-05,-0.00306465571861,-0.0280336241333,0.0116490781175,0.0047299718356,0.0107144013866,-0.000501408529696,-0.00137897527677
25,-0.041992485453,0.241298167017,0.289520650086,-0.0377679598608,0.155706475671,-0.0355787149947,-0.0453804996753,0.00280402883325,-0.00632287541133,0.00572844462737,0.0237062621405,0.00767701673191,0.0147442423093,-0.00264934302663,-0.00664312002316
26,0.189628227248,0.246641859001,0.148131552431,0.0150838992544,-0.00717827092179,0.0129316398393,0.00526636137804,-0.00129387718386,-0.00175553635482,-0.00310055716291,0.00236721530338,1.43838966173e-05,-0.00156289282461,0.00103204805228,-0.00143380462736
27,-0.657572771056,-0.658058660451,0.643863732473,-0.288425639729,-0.137639001735,0.0870317654704,-0.00558148813408,-0.116889392894,0.204392631688,-0.0291330112992,-0.0005283174778,-0.00852131163544,0.017592076531,0.000885350376689,0.0036945807711
28,-1.0703992859,-0.200506788329,0.0390468513922,-0.252271129758,-0.0233590696498,0.0460445837041,0.00465502643188,0.0464395736983,0.0064888174557,-0.0113927762317,-0.00806506617187,0.00116921940573,-0.0167739208818,-0.0126540564733,-0.00251574587653
29,-0.863079020067,-0.520873318992,0.45404158915,-0.322662186867,-0.0205398431105,0.040428724962,0.083575629063,0.0433916076732,0.00234000812013,0.0243642525109,0.00315901705032,-0.000636018275418,-0.0097301463213,0.00640085160741,0.00462870813071
30,-0.263982373755,-0.834600051932,0.892922637674,0.205668728786,-0.212872598568,-0.00671962543053,-0.131097311038,0.0104331975056,-0.0341036626611,-0.00552502878683,-0.0114111952998,0.00398481965298,0.00212447015646,0.00153766704972,0.00306991061289
31,-0.672902798746,-0.69759339568,0.685455048049,-0.0946319946857,0.0331195388777,0.0377727026694,-0.0684406390292,0.0570162769814,-0.00532150397659,0.044043856246,0.0127647915701,0.00773252527053,-0.00492630473827,-0.0103367141722,-0.00910160234177
32,-0.931928447671,-0.472522745991,0.384326463914,-0.205720505264,0.0929975314091,0.0534425807562,-0.0494354209516,0.0695447765258,0.00712413728345,0.0287187856949,0.0121299415786,0.0055227230245,-0.00683910256914,0.0044819607676,0.00407740205008
33,-0.186291862043,-0.839507753808,0.910167427807,0.1186996516,-0.365963677612,-0.0238973329109,0.000182350361535,-0.0200748334391,-0.0411542036803,0.00479620304375,-0.0140596030294,-0.00025812217278,0.00330825743575,0.00106236846764,-0.000594769467959
34,-1.0703992859,-0.200506788329,0.0390468513922,-0.252271129758,-0.0233590696498,0.0460445837041,0.00465502643188,0.0464395736983,0.0064888174557,-0.0113927762317,-0.00806506617187,0.00116921940573,-0.0167739208818,-0.0126540564733,-0.00251574587653
35,0.278102091937,-0.234120406994,-0.227260141717,0.00848081314747,-0.028758976998,-0.0201336407981,-0.00255598172352,0.00445699840267,-0.000194380423939,0.000220255096393,-0.00221737696449,-0.00520119530707,-0.000618564143502,-0.00075973520816,0.000950119179821
36,0.304059171174,-0.0451812281145,-0.076963522808,0.0123748165629,-0.0120249207573,-0.00911305820388,-0.00697298072937,0.000621870351782,0.00269314785312,0.000397500887868,0.000642961480144,-0.00453019677428,-0.000278845353363,-0.000855796644849,0.000971820143419
37,-0.147108691805,-0.187980308263,-0.387110216719,-0.11304610876,0.110940981026,0.0790832935828,0.0553285462562,-0.015921258767,-0.0571698313647,-0.00266711681665,-0.0239041621648,0.00425939746214,0.0202698416513,0.00875848112361,-0.00105551296494
38,0.0721047113156,-0.0748785845031,-0.14692166789,-0.0546481429542,0.15530677963,0.0765131547354,0.0202758579339,-0.0136020662673,-0.0544778591974,-0.0111081684231,-0.0241239436564,0.00364065332709,0.0151606903763,0.00228587640332,-0.00297628330441
39,0.228026648263,-0.452963471958,0.0848856268717,-0.0407720905118,0.0894946369569,0.0649133197654,0.062117882799,-0.02892964317,-0.0688452683429,0.00187471222455,-0.0277778716868,0.00307362800542,0.0199284578552,0.00375332556112,-0.00578973548086
40,-0.0579122446413,-0.0894392678142,-0.33702502208,-0.000678527553799,0.153847332377,0.0802062744146,-0.0286698451685,-0.00705610654435,-0.0562111073921,0.000948326612451,-0.0180138784549,0.00799332111381,0.0208949262187,0.000568661431548,-0.00627495151284
41,0.0592267056504,0.373371949734,0.187166654657,0.017339259502,-0.00556222051984,0.0402969517493,-0.00441724665001,-0.00781902023358,-0.0287866240193,0.00495449481231,7.06654084884e-06,0.00233838174941,0.00759925623452,0.0014336679233,-0.000858034379124
42,0.276492605753,0.114125839961,0.0563796172292,0.0174526649259,-0.0140997469684,-0.00578293847432,-0.00737616102345,0.00193960135559,-0.00158292148653,0.00144867652056,0.000424454364143,0.000707357782538,-0.00142533761267,-8.82644265736e-05,0.000390129891391
43,0.277700970431,0.0989744724434,0.041309419854,0.0103036211008,-0.0127157438953,-0.00656452414874,-0.00331991603421,0.00200594644924,-0.000925640466943,0.00125961980966,3.00110524554e-05,0.000552071171739,-0.00164492407916,0.000127843139182,0.000526620166968
44,0.277700970431,0.0989744724434,0.041309419854,0.0103036211008,-0.0127157438953,-0.00656452414874,-0.00331991603421,0.00200594644924,-0.000925640466943,0.00125961980966,3.00110524554e-05,0.000552071171739,-0.00164492407916,0.000127843139182,0.000526620166968
45,0.27317574352,0.0873321885214,0.079785149976,-0.0018996478072,-0.000561026758937,0.0144017970025,0.00465071068203,-0.00479565266765,0.0144034302117,-0.00156801589481,-0.00465200049532,0.00378717393333,0.00166477512477,0.00137852294675,-0.00210286451042
46,0.174271672274,-0.119263488797,-0.261422168632,-0.0308795909422,0.0278038460997,0.00814941696221,0.0083264884288,0.0143084778643,0.0117322379244,0.000102594001766,-0.00941592468279,0.00722333088471,0.000574769929109,0.0034119965363,-0.00273206496453
47,0.195843829568,0.246575210437,0.146405136564,0.00864380040725,-0.0174664287692,0.0146739272505,0.00261100163879,0.00249706380755,-0.00274874330739,0.000783912378747,-0.001448310454,0.00311904612052,-0.000129075918988,0.0010445136795,-0.00102449806249
48,0.263552049977,0.107623501403,0.0956774875856,0.00598975028793,0.00577915421427,0.0115701594011,0.00361006891831,0.00479031269505,0.000563911662957,-0.00249572197976,-0.00574940657964,0.00383954331018,-0.000633688834456,0.00185523342617,-0.00111365287872
49,0.293209424364,0.00621119473901,-0.039938295862,0.0150709697183,-0.00398052011065,-0.00979099932114,0.00106025539035,0.00251372210063,0.00280485549294,0.00122050489312,-0.000421872529098,-0.00227470188631,-0.00223811945065,-0.00038770135117,0.000135782671917
50,0.303095041136,-0.0839078751302,-0.0975787299664,0.015755924421,-0.00608891544155,-0.0147066150694,0.00169520578096,0.00269500974225,0.00423901162253,-0.000132238406815,-0.00218337354952,-0.00259592444818,-0.00242522064478,-0.000208834631733,0.000245739762811
51,-1.05172520906,0.13502593167,-0.370807071445,0.0158561848097,-0.240383120271,-0.0245368386876,-0.00528816893613,-0.0319500112205,-0.013858935311,-0.00214412949516,0.00184804841685,0.0041196374144,0.00517527590201,-0.00152720724326,0.000571752724064
52,-1.03876866692,-0.24018949929,0.0857456088874,0.198648951822,0.231625983326,-0.0724449079513,-0.15238926803,-0.0578390368328,-0.0112301433785,-0.039743735849,-0.00387007204835,0.00571208481522,-0.000125086913512,0.003547438931,0.0133040567406
53,0.181402062976,-0.045750050718,-0.243716124586,-0.00132281594875,0.0253971042677,-0.0213170974651,0.00853837301772,0.0278030382625,0.0121827514453,-0.00033697153788,0.00364876213556,0.00279828588381,-0.00460049574511,-0.00250370394118,0.00532460439958
54,-0.339157477945,-0.774393715147,0.685310966475,-0.1745395232,-0.0785721802567,-0.157377588961,0.115526425779,-0.0644770877604,-0.0356025543509,-0.00380229541543,-0.00483185564061,-0.0120954516884,0.0013768966681,-0.00361290525185,-0.00471753666246
55,-0.575614664399,-0.28696222845,0.291448401075,-0.253688181557,0.27035164021,-0.157678889766,0.0262815573566,-0.0278310926481,-0.0119874577301,0.0328551270527,0.0317615828668,-0.00630322409892,0.0088027618126,0.00307343579902,-0.00333926404846
56,-0.130065625481,-0.379568600157,0.722985380827,-0.16643484112,0.067065550711,-0.124382144552,0.0803794884661,-0.0469641264862,-0.026274951679,-0.00546454943854,0.00134872045791,-0.0110084239439,-0.00119856674005,-0.0018547785888,-0.00166883430906
57,-0.494049079043,-0.080520072462,0.275126571024,-0.24546510783,0.273231390629,-0.131440526351,0.0249508593661,-0.021159084276,-0.00856584206506,0.0252218194513,0.0304437276042,-0.00664886309535,0.00836891343208,0.0119277713119,0.00437474574355
58,0.111330694384,-0.144952470821,0.788000339612,-0.000480365031576,-0.0605675931303,-0.0696488361224,0.0315065810265,-0.0376053037925,-0.0303393512229,-0.00147921841677,0.000971863268703,-0.00630200282027,0.00264844891976,0.00295508539767,0.00152350854786
59,0.216407434293,0.15631487732,0.0256861744616,-0.0229162847949,0.000327307316464,0.0194190692671,-0.00791177707595,-0.00234820754811,0.00338911397422,-0.00102824947092,0.00944055792567,-0.00097749670158,0.00492433419011,-0.000553749856141,0.000742737686561
60,0.04594828898,-0.634885764283,-0.453630856996,0.0239727995954,-0.123053540161,-0.0127553617276,-0.0298692503841,0.00610342977339,-0.0154716423685,-0.00341202473946,0.00292202092232,0.00106548219533,0.0110596452786,-0.00228924361686,-0.00173407243221
61,0.237485402601,0.0438503599219,-0.0390165111553,-0.036576233658,0.0196150823753,0.0143450965925,-0.000603333000233,0.00813555879252,-0.00811409120348,-0.00488807389488,0.0061935243989,-0.00135656168346,0.00212762169519,-0.00187196677767,0.0005973881097
62,0.335607283726,-0.15701834978,0.0195733257345,-0.0308846784233,-0.0120951354221,0.0104918214616,0.00638312945619,-0.00844744677568,0.00479237603204,-0.00315762890901,0.00629318954614,-0.00226257204206,0.00636620984408,-0.00207199649409,-0.000738669389256
63,-1.05649544722,0.0746887326593,-0.301510377404,0.0152655646237,-0.109170531928,-0.0147383195514,0.0530525980263,-0.0415199322914,-0.00204439541916,0.0117509023028,-0.00373702384327,-0.00585571285803,0.00785214422078,-0.0111807253282,0.00298617521119
64,-0.478758729474,0.509573673603,0.0118353231487,-0.00855179069493,-0.00327771716743,0.0129898158977,0.0250517152794,-0.0185956462552,-0.00149639513742,0.00139036176288,0.00299542866705,-0.00452357887717,0.00274985453608,-0.000194177330492,0.00804020243527
65,-1.02767143047,0.111596694653,-0.284164528892,0.0230955622796,-0.0744700630193,-0.012581605836,0.0442618569075,-0.0389328039914,-0.000446360590448,0.0121936530053,-0.000984504920006,-0.00631566342435,0.010484823917,-0.00148846008105,0.00996207163329
66,0.222936786178,0.235977318499,0.22960330179,0.0346760853957,-0.0300884371212,0.0132716388915,0.00300283759584,-0.00252313945296,-0.00496655125621,-0.00140344715216,0.00128268339779,0.000650859198928,-0.00244682167937,0.00046282985784,6.87861351623e-05
67,0.251424399381,0.151931527933,0.143262951058,0.0191288874387,-0.00027664117942,0.0130395107616,0.00892611197991,0.00044512010046,3.52683975746e-05,-0.00359485281191,-0.000505204232,0.00075248525712,-0.00409734783255,0.000405923769959,-0.000185447856414
68,0.285896644906,0.0492388938893,0.0142441883758,0.00469796496371,-0.00328348925841,-0.00860534448132,0.00325310883052,-0.00117129863498,0.00014145744339,-0.000127788133652,-0.00309464859025,-1.73558170641e-05,-0.00144019775216,0.000826111895116,-0.000442803902509
69,0.297520947582,-0.0188254122234,-0.0656445165844,0.0103685048497,-0.010964862406,-0.0102545498073,-0.00116196562286,0.00144572420493,0.00606344683967,0.00156983787931,-0.00139999717556,-0.00058462610838,-0.00137778923666,0.000245171734462,-0.000353208006298
70,0.292587590576,-0.00941272099044,-0.0625675294508,0.00765611674633,-0.00872808057117,-0.0105656764478,0.00114920439083,0.00363772628295,0.00274437774775,1.02991189913e-05,-0.00239568506248,-0.000738287178162,-0.00243020020372,2.87190079503e-05,-0.000155309376146
71,-0.230175520275,0.45067375586,0.321389822817,-0.0390603906629,0.036104254458,-0.0108344416998,-0.0281542849176,-0.00243909632102,-0.012384429208,-0.00457241759875,0.00823074439923,0.00264963273817,0.00182890410592,-0.00198788438173,-0.00431916410032
72,-0.442884854229,0.40961728113,0.208642117876,-0.180898693596,0.0344144077384,-0.019075667601,0.044619501602,-0.00681671483809,-0.00829014464774,-0.0118783546168,0.00390705590094,-0.000269633219109,-0.000625905576709,0.00262707143072,-0.00178461632505
73,-0.343959882946,0.341416923743,0.364731159281,-0.12972709739,0.111635631111,-0.0302268759849,-0.0045238446534,-0.00483953291877,-0.0108352183385,-0.0264280174049,0.000985799438342,-8.49916983163e-05,0.000450711419237,0.00869286275167,0.00294944354324
74,-0.011492458676,0.123969109606,0.701614044631,-0.0781295862831,-0.0292412430372,-0.0294594978948,0.0520405199989,-0.0222673685851,-0.022522539147,-0.00432431348471,-0.00027603061744,-0.00161467661659,6.05059622135e-06,-0.00158485954687,-0.00562719250054
75,-0.437037216111,0.467231629281,0.14663557579,-0.0905181647406,0.0369059905077,-0.013497438634,-0.0162819893825,0.00165932876741,-0.00854223341693,0.00756388474609,0.0152293128848,0.00426017700327,0.00538102179143,0.00182336540498,-0.00437761212981
76,0.316159306313,0.00541476720028,0.0911120694314,0.00653347984848,-0.00312182261514,-0.0171068563128,0.00124934914994,0.00705523251895,-0.000843300262828,-0.00101001192182,0.00280985267207,0.00176190410735,-0.00365243466348,0.000134946749603,0.00268241054736
77,0.286481880674,-0.0105372246049,-0.0794231928478,0.0171758450526,-0.00272623074742,-0.00739750061459,1.59254722089e-05,0.00336467052807,-0.00295057891285,-0.000171646608016,0.00231997092197,-0.00308613221651,-0.00267057254161,-0.000818749439894,0.000871863751543
78,0.264693076802,-0.18195554131,-0.22851868474,0.0118348361184,-0.01605641231,-0.0160365992098,0.00498719564892,0.00419378793676,-0.00115436124219,0.00126905471872,0.00140748471272,-0.00342882334151,-0.00218768255541,-0.000315744239605,0.00073915027537
79,0.223113306115,-0.366929009536,-0.316204195069,-0.000183327558634,-0.0488990049349,-0.0315697242252,-0.00309170474196,0.00354548401847,0.00595134651974,5.68312047067e-05,-0.00356341743281,0.000517261473444,0.000105050916034,-0.00107004601902,-0.00122876456243
80,0.221052608673,-0.421736433787,-0.324871518939,0.0125300777673,-0.0625951742622,-0.0347614228678,-0.00730878429831,0.00295114871885,0.00509434390642,0.00206502057114,-0.0032151059328,0.000909679022431,0.0012921929871,-0.000322986327086,-0.00120119144627
81,0.217529386265,-0.501442518796,-0.326820205038,0.0260550450513,-0.0865907563499,-0.0395222810029,-0.00903077866684,0.000688061779689,0.00344074365493,0.00111606439387,-0.00496551023707,0.00096722431368,0.00166709701621,-0.000945973343036,-0.00175637329739
82,0.200816829526,-0.480531817088,-0.349207073432,0.0181720439905,-0.0823187245241,-0.0382675123923,-0.00712376633421,0.00167527504091,0.00435727455176,0.00255903145626,-0.00397588360998,0.00109592085867,0.00178305715258,-0.000764642014034,-0.00178247369765
83,0.294128114812,-0.033992527879,-0.083399675616,0.00541423878406,-0.0101672694937,-0.0164622658428,-0.00269659876328,0.00604957394115,0.00283169490899,-9.43875849748e-05,0.00130026187253,0.00150083213121,-0.00343692122773,-0.00084768332014,0.00135787199482
84,0.304205159694,-0.120159871367,-0.118302592481,0.0251448432418,-0.00388242251515,-0.0183094380254,0.00387961850587,0.00466955415732,0.00506736388257,-0.00120457424237,-0.00135187634893,-0.000760856583353,-0.00336490055675,0.000247278672267,-0.000911236871401
85,-0.368129705212,0.563510376423,0.0238526113268,0.0111700373678,-0.0734178090227,0.0140054334212,0.0117739715126,-0.00338477757972,-0.00770690667313,0.000154463446322,-0.0225583567454,-0.00836601485179,0.0237502406906,0.00286825417762,-0.00528600398045
86,-0.0282643225734,0.497934253724,0.344791950372,0.0598257405302,-0.110870886383,0.0129726361062,-0.00470873178026,-0.00988213761563,-0.0165869084357,0.00217744282,-0.00420089083831,-0.0027126287602,0.00914006629431,0.00029111706391,-0.00179573842477
87,-0.22364669695,0.529439143815,0.18955075073,0.0220688124313,-0.0297485037866,0.0129119621342,0.0184986457463,-0.00368527550519,-0.00863592025645,0.00846206591621,-0.0241572346074,-0.0099793206486,0.028333609721,0.00405044826747,-0.00711750591294
88,0.287630343635,0.0284407702087,-0.0336387640326,0.010051249574,-0.00729443631421,-0.0140373206921,-0.00523563904207,0.00666023796806,0.00156590110095,-0.00123940200341,0.00217431763425,0.00231174722523,-0.00381331105871,-0.00102030945126,0.00168978922649
89,0.292748062038,-0.0673409638962,-0.114591132288,0.00566734766332,-0.0108834737089,-0.0163571303484,-0.00253152761283,0.00379282687956,0.00348002864725,0.00129518673166,-0.00296764868231,-0.00209387170439,-0.00184394272051,-0.000119099914413,-0.000144709265679
90,0.242849618098,-0.306851579828,-0.291937028199,0.0195989636874,-0.0330137982074,-0.0235178549708,0.00194656892588,0.000916100407033,0.00729975042583,0.000872200338577,-0.00421152741401,-0.000473410865346,-0.00507857018194,0.00138107408852,-0.000509719273654
91,0.28822483146,0.0346898075125,-0.00859988259166,0.0111843437116,-0.00301512202411,-0.00560765103695,0.00468835145654,0.000261572259254,0.00212088358906,0.00130906128259,5.90142837318e-05,-0.000937061390232,-0.00504168224536,0.000104330137538,-0.000234739581975
92,0.29365397253,0.0433774347557,0.0295984374947,0.00769847820288,-0.0044490062545,-0.0125888525043,0.00143354540879,0.00240709927469,0.000615567142512,-8.23175141187e-05,-0.000405019394958,-0.00505603919905,0.000821655976212,-0.000593961861546,-0.000735516354037
93,0.250747220497,0.180134537986,0.112628573833,0.0163072281534,-0.0228288540961,-0.00330369957877,-0.00355556905633,-0.00308500086214,0.00223661669525,0.00113272455903,0.0024322135483,-0.00388751924804,0.0019421204893,-4.8415862035e-05,-0.000203926801313
94,0.253450569812,-0.13373161623,-0.209936001652,-0.000664294044237,-0.00437643088015,-0.0130132798218,-0.000216827240866,0.0144941559655,0.00852749953651,-0.00092530384692,-0.000184314293739,6.00138992982e-06,-0.000443989471815,-0.000657696052422,1.96648771515e-05
95,0.240536602274,0.180943384849,0.0825135959843,0.0126171316938,-0.0176220771575,0.00190016887879,-0.000717809238968,0.00601664563364,-0.000722505635693,-0.000616679252384,0.00248903220498,-0.000426229821148,-0.000953769765414,-0.00080359836221,0.000494225850072
96,0.208291931262,0.0841742800736,-0.0967523655637,-0.00566991648547,0.0225752517562,-0.0112449257348,-0.00413005371942,0.00971575771046,0.00482886576074,-0.0013531722119,0.00492572467357,0.00327402272666,-0.00370106521001,-0.00118497265725,0.000195922864202
97,0.218225249727,-0.054308924065,-0.187738904619,-0.0116674022059,0.0241628145267,-0.0196350751656,-7.45182206359e-05,0.0112875169082,0.00745667243438,-0.000428051840795,0.00447183185272,0.00393799858265,-0.00368897192713,-0.000695673167267,6.49603014468e-05
98,0.293281830803,0.0199493614478,-0.0268109864018,0.00862658760473,-0.00891777283696,-0.00769600397475,0.00313167244902,-0.000266758205938,-0.00130104720961,0.000792981711547,0.000780427713122,-0.00371484785352,-0.00104824194361,-0.000110441016358,0.000273035335553
99,0.29882668936,2.82480764566e-05,-0.0425179029584,0.0121952453009,-0.01046102148,-0.00787454689067,-0.000511044774589,-0.00262325062131,0.00254648937792,0.00133639782736,0.00124522734016,-0.00366404414255,-0.000216296999956,-0.000480367946798,-0.000189847308495
100,0.293783723069,0.0508084667,0.0121240323979,0.0114002680093,-0.0120601273753,-0.00619595818445,0.00295197284895,-0.00104939559607,-0.0023479402505,4.63555468733e-05,0.000632583778866,-0.00363964439919,-0.00127639451683,-0.000489752416943,0.000190406851988
101,0.126995117916,0.28051507191,0.142520742296,0.0412510164139,0.0344912633576,0.0596333721157,-0.00872690202188,0.00184079086711,-0.0227820172393,-0.00795721665319,0.0128838030973,0.0009664156378,0.00375744712939,-0.00222965764005,0.00232555896764
102,0.00233831050959,-0.128069133872,-0.329120013361,0.0167595867327,0.131151733883,0.104281215033,0.000574265915796,0.0119033408304,-0.0306226873511,-0.0191150321597,0.0191288887849,0.00267308098183,0.00780976558669,-0.00709876294121,0.0017462712822
103,0.273174579186,-0.609901621517,0.102976377778,0.0670642602175,0.0149654368012,0.0809831198434,0.0463918230625,-0.0112255645522,-0.0478194747455,-0.0188494827828,0.00982278566757,-0.000351777920056,0.00956910415132,-0.00537742794584,0.0012632299083
104,0.0270098001369,-0.451605988223,-0.306918032319,-0.0288193161971,0.0870845489952,0.105636972466,0.0633909953961,0.000644690775489,-0.0388249745522,-0.0318232532533,0.011646838002,-0.000991235364745,0.00780377043749,-0.00170336599571,0.00669147168537
105,0.322185796327,-0.451015808615,0.0827865019378,0.0556112573622,0.0172659855826,0.103349176263,0.0158339756098,-0.0576027023108,0.0258471420551,-0.0150126406814,0.0212736020494,-0.000773064677365,0.0222934970598,-0.00499102359868,-0.000349976845101
106,0.0559764306028,-0.466359171988,-0.291942627076,0.0169661431055,0.0971794544501,0.106681724866,0.035863869877,0.00563611806299,-0.0398633123485,-0.00544970454353,0.0238314853604,0.00309223658411,0.0129084399912,-0.00644801351691,-0.00032536238648
107,0.249804321265,-0.205343524928,-0.250254768745,0.000946598009293,-0.0158867074865,-0.0262705463828,-0.00361373179517,0.00771130290498,0.00651631183187,0.000559281218421,0.000514922714336,0.0018349679826,-0.00242959883854,-0.000703825505148,0.000250577153063
108,0.259954393741,-0.0958880236627,-0.179858779779,-0.00308235095807,-0.00210393135956,-0.019721750631,-0.00294031545017,0.00761229855328,0.00568233218776,-4.01428869582e-05,0.00132882734082,0.00146282842772,-0.00300131052612,-0.00113126504142,0.000284812575068
109,0.281249126496,-0.0634945999591,-0.124368511395,-0.00015685025558,-0.00556652060029,-0.0162026149413,-0.00401371052198,0.00164966470593,0.0108814410166,-0.00036305214649,0.00208055654756,0.00107212006408,-0.00176627660587,-0.000748507223857,0.000458277293058
110,0.244476242663,0.0760658939993,-0.0354944964012,0.00116659430381,0.0156938561349,-0.00528553620449,-0.00782248174692,0.00262464131811,0.00179047306938,0.00344867194883,-0.00331536234417,0.00186997990259,-0.00260855248512,0.00189660821978,-0.00069412528008
111,0.240542554219,0.20960148438,0.176837706876,0.0168093569201,-0.0318388922426,0.00268961770177,-0.00204185922841,-0.00889845153561,0.0012185875223,0.00156876034608,-0.000756995662055,0.000408872002206,-0.000491849891387,0.00192331945032,0.00028994333629
112,0.262152283752,0.119549793626,0.0740415455787,-0.00450687164048,-0.00812763501386,-0.00106323896542,0.00367049189563,-0.00743518831408,0.00698162011055,0.0038076272572,-0.00190227771562,0.000815615691346,-0.00117716168184,0.00130068822874,-0.0010593115142
113,0.240248029529,-0.213915742839,-0.231507958304,-0.0125633123913,0.00420160400599,-0.0207398342981,0.000614932807605,0.00212579645879,0.00594322655193,0.00285847433344,-0.00981621355656,0.00243562295204,-0.00336193061601,0.00196455703539,-0.00212781612969
114,0.093965951463,0.272519508153,0.0747092977592,-0.0464511965479,0.0240174941095,0.0331479327949,-0.00474086433089,0.0203080021019,0.00425311469861,-0.00539128700641,0.00567218694167,0.00670087922538,0.00338032421504,-0.00156740063253,-0.00280067814823
115,-0.0530831186941,-0.373844324451,-0.478039232505,-0.0435916136504,0.00456140623704,0.0472709665294,-0.0736469694314,0.0125974985882,0.0756421136751,-0.00183742548433,0.0147343364049,0.018838776878,0.0275807935462,0.00254980888403,-0.00820091438289
116,0.245205612592,0.0616067762538,0.192080056001,-0.0416752993973,0.0330801020473,0.0291188011146,0.00347183784456,0.0201094208636,0.00355498966663,-0.00966284034373,0.00166727703733,0.00707174490042,0.00396748054169,-0.000995904643052,-0.00318540107909
117,0.00877787732737,-0.657941734668,-0.320296184064,-0.0748562089341,-0.0232600449256,0.0225053906029,-0.00328163236224,0.0422437501175,0.0166107332985,-0.00548345231123,0.00129191067838,0.0173807776056,0.0168941616945,0.00433661723316,-0.00649738542744
118,0.123173441234,0.220642481986,0.0683138779083,-0.050138959978,0.0387393804395,0.0340470864251,-0.00578786260703,0.0232306342503,0.00588873133831,-0.00430183051484,0.00613853141071,0.00765395391534,0.00401021888705,-0.00217461206958,-0.00387520596109
119,0.149077509271,0.223992570789,0.138794748392,-0.0445706168547,0.0222740156056,0.0311804770798,0.0011465632906,0.018336666599,0.00300574656883,-0.00833686712953,0.00377844308938,0.00595682563832,0.00337999342747,0.000754915524184,-0.00102721489894
120,0.280381818023,-0.152225803259,-0.13020382806,0.0219020027083,0.0234769290904,-0.0193470309462,-0.00573380864349,0.0370426890912,0.0110538097292,0.00364153744715,0.00304060244514,0.00249824582943,-0.00422295254556,-0.00515201147413,0.00465367399676
121,-0.429016585008,-0.405449510881,-0.54965886157,-0.0326350440037,0.0374892726689,0.110482226715,-0.00438910501406,-0.0157312798806,-0.0635290186188,0.0141228930537,0.0246330378762,-0.0225656388908,-0.012296368999,0.0101692167122,0.00438520423056
122,-0.00266646134067,0.471804716292,0.264261700552,0.0339579040424,-0.0823261600268,0.0307884404509,-0.0075284179961,-0.00953762642819,-0.0217167694316,-0.00130728082981,0.00661703644579,-0.00314024484457,-0.00209748652132,-0.000133244587066,0.00139056814984
123,-0.394901747332,-0.418840801201,-0.522711904935,-0.057623759667,0.0498142841593,0.112558741743,0.010459274472,-0.0204340589541,-0.0647019822938,-0.00869118889046,0.0132006374682,-0.0259692289343,-0.0197463300914,0.00413923204288,0.00370971080553
124,0.0772219034555,-0.823937811662,-0.0369262264262,0.00620548733115,-0.0274105649698,0.131797214597,-0.00149804603324,-0.118024493498,0.0237881682357,0.00281639603481,0.0243260393207,-0.0315075452052,0.000523886414894,0.00367719130652,-0.00214934705659
125,-0.075694752528,0.510078633799,0.317992116149,0.0825119669274,-0.0792429156272,0.0323497943159,0.0135144219608,0.00226232567485,-0.00721633429881,0.00167590558408,0.000716291578513,-0.00569786070892,-0.000385419230321,-0.0015624577941,0.000834613481263
126,-0.461918169314,0.535859260252,-0.000646502682443,0.0856297723394,-0.0219620169166,0.0620087822443,0.0590648555243,0.0258367502525,0.0141470269044,-0.000665150761328,-0.00653467031815,-0.0154098123485,-0.00238001979133,0.00151110266813,0.00474216178755
127,-0.556039514139,0.0466064558784,0.259580785701,0.594182238688,0.295531211315,0.144890951247,0.0317633674331,0.103770332682,0.0587755904002,0.033117946014,-0.0217156612005,-0.0435539988745,-0.000114196889023,-0.0105197401915,-0.00354612035638
128,-0.1694557507,0.535255829407,0.237124694618,0.0649265519254,-0.0635657712916,0.0568819168846,0.0378856116482,-0.017959646256,0.0432241731738,0.00529043879771,0.00371940908738,-0.0112537695439,0.00653608403179,0.0015335075226,0.00207776868952
129,-1.02590301442,-0.334515893159,0.210022909665,-0.104142593075,0.150812254339,-0.0604499785657,-0.129019694422,0.0189767122087,-0.00871587396297,-0.0383516645796,-0.00725125851841,-0.00856162433103,-0.0173708173934,0.00723143097434,0.00793025078907
130,-0.805425243032,0.381545110606,-0.220994307678,-0.054934547323,-0.116418188834,-0.00295036710353,-0.0414628665715,0.00596011150686,-0.00708828953208,-0.00208161439819,0.0069145903912,0.000570011248152,-0.00202530203614,-0.00111121633047,-0.000321045418902
131,0.235562047345,0.198263873136,0.216597868672,0.0113442302933,-0.0204392538185,0.0174588301117,0.000849272819948,-0.00660773792609,-0.0194222890724,-0.00229155163754,0.0065398298626,-0.00364320340382,0.000860091935522,-0.00110390229138,0.00107469516211
132,0.265826213949,-0.133212577836,-0.0756652977561,-0.0405040875124,0.0346684307968,0.0170138581935,0.0136188793718,-0.00284355391316,-0.0203795665053,0.00119537592056,0.0101964560412,-0.00595141046738,0.00262824900275,-0.00164585209141,0.00018239907544
133,0.280303567264,-0.186996900744,-0.101037353842,-0.00418446131151,0.0361831507903,0.0150931974784,-0.0121530564287,-0.00265071465323,-0.0222441679316,-0.00743273486326,0.00686651081773,-0.00590274579869,0.00196770064838,-0.00391390660567,-9.39578087858e-05
134,0.21675923106,0.225244384715,0.168022548102,0.00648920959879,-0.0209118311204,-0.00289964015885,-0.00110883868418,-0.00223236252137,-0.00520933756421,0.00119710642455,0.00314195620787,-0.000876484085402,-0.00167867932972,-0.000634232529369,-0.000375784413923
135,0.273314812414,0.0549630661943,0.0493751622109,-0.00966515903491,0.0120176476685,-0.0136525219711,-0.000411249228623,0.000386581447725,-0.000187853189929,-0.0022456109087,0.000322649709768,-0.00149788687412,-0.00300711860902,-0.000130838786433,-0.000136217239828
136,0.229376037783,-0.222095261756,-0.0530426307163,0.00129258716063,0.106014818477,0.0277892822206,0.0247960910173,0.0308909747034,0.0185010671757,-0.019178725884,-0.00306145446408,0.0151886307779,-0.0147316241668,0.00244191117371,-0.00328241817588
137,0.138063630523,0.271683595065,0.155726584974,0.0136751798447,0.0211176043319,0.0271836512495,0.00611697769461,0.0132025917062,0.00238474695883,-0.00579157114606,0.00432378666066,0.00740686487282,-0.00653645913552,0.00137326047499,-0.000810523132888
138,0.333991792936,-0.287332798429,0.189337230558,0.0355291858086,0.043724752863,0.0178618114257,0.0317440409648,0.0186883821226,0.00790933629164,-0.00977128647234,-0.00216014897846,0.0129530620147,-0.010804260747,0.00309705129886,-0.00364047631685
139,-1.01635791745,0.0320724086357,-0.161045834946,0.32506978057,0.127054177863,0.00797883104532,-0.0344106722159,-0.054397104901,0.00593445058149,-0.00147390867623,-0.0127214969998,0.0131719550057,-0.00751310803241,-0.0078317481901,0.00931098243761
140,-1.09192271731,0.0230106400313,-0.24367814864,0.114212421825,-0.0380054358499,0.00430938374594,0.0873804844564,-0.0547510022107,0.00332184998951,0.0226675340436,-0.00504773861201,0.0092760090896,-0.00441414272243,-0.0066067266515,0.00314750548335
141,-0.838729605334,0.377947348455,-0.315399881299,0.0838751056263,-0.161746634521,0.0110289089626,0.000524578557324,-0.0245848306896,-0.00528601352025,-0.00612830920761,-0.00347306603965,0.00509554051046,6.27572061793e-05,0.000684842649871,0.00657671215763
142,-1.03107776342,0.152889752925,-0.314507214151,0.0892834076057,-0.120265560813,0.00516598249739,0.05805511977,-0.0427203938095,-0.000969859118865,0.00803483396689,-0.00512699150848,0.00673328441325,-0.00107752369935,0.00206510512591,0.00833295830352
143,-0.78422356451,-0.391191975437,0.419568979831,0.369829731926,0.326328163578,0.000807829298685,0.0749360452132,-0.086640797659,0.00930932481293,0.0536899977469,-0.00401117208313,0.0168026721176,-0.00902504763155,-0.0123114602086,0.00369910474743
144,-0.929047764825,-0.0987469384502,-0.0355247799384,0.186298932302,0.270100829922,-0.00664033757646,0.0134136322842,-0.0696422731035,0.0119110114129,-0.000405750555087,-0.00861261040655,-0.0150755493966,-0.00516140498571,-0.00390058457241,-0.01496780459
145,-0.847182421538,-0.147044055398,0.0315393117492,0.366133147401,0.336698627797,-0.0112864875684,-0.100724537567,-0.0696095202044,0.00899318477991,-0.0372078125621,-0.0190264505191,-0.0165307250086,-0.00312058331072,0.012541718889,0.000771825142489
146,-0.976677934968,0.197267937646,-0.386111715137,0.0787287049844,-0.17492295537,-0.00235196749148,0.00282675869736,-0.0344887310188,-0.00570714961239,-0.00189822800756,-0.00239654851197,-0.00323622890109,0.00394942335628,0.00176252652633,-0.00324563022886
147,-0.561036426818,0.501372104626,-0.106479921661,0.028173591163,-0.034529585864,0.0165538560876,0.00644622969763,-0.0208622621195,-0.00176931331224,-0.002925428981,0.00216917234762,-0.00355683950185,-0.00116684943674,-0.000905820014968,-0.00246778818563
148,0.286590356822,-0.1882200171,-0.178630058515,-0.00590045668236,-0.0166004805547,-0.021573704894,-0.000887486094397,0.000145842432854,-0.00169775179127,0.00265334859628,4.96542920663e-05,-0.00330281113352,-0.00204192451168,-0.0013320161823,0.00105550329567
149,0.281708921797,0.00169644818523,-0.062966273408,-0.0103902401128,-0.00822356580094,-0.00962843712708,-0.000486108743238,-0.00419237893943,0.00320328984826,0.000917729745865,0.00191579072615,-0.00323873702987,-0.00163440072762,-0.00125400845174,0.00128329106893
150,0.263528730127,0.104431157115,0.0177778290503,-0.000222471047306,-0.00918618246357,-0.00548174912541,-0.0024828809283,-0.000355494699843,-0.00437013351666,0.00124614754111,0.00249903077811,-0.00261369933871,-0.00232633747969,-0.00121792524035,0.00134028367608
151,0.30198727826,-0.0463219935393,-0.0829042046812,0.00793924672902,-0.0139434126372,-0.0110263517389,-0.00332979839951,9.76212860897e-05,0.00277384465705,0.00161296478529,-6.2594718268e-05,-0.000125420241626,-0.00139675681252,-0.000142860093303,0.000414541928108
152,0.255830327446,-0.140224911213,-0.230890068163,0.00208967768276,-0.0178927676365,-0.0169025711247,-0.00507463085807,0.00414191303209,0.00254227769972,2.57926184318e-05,-0.0019973847586,0.000229983414893,-0.00206168498105,-0.000270503337311,0.000478438555304
153,0.295612471676,-0.0179487964594,-0.0643505434675,0.010163276848,-0.00821326207114,-0.0106359155727,-0.00112816018699,-0.000937345360011,0.00671532379801,0.00224458054202,-0.00120706628781,0.000805819039275,-0.00307391695315,0.000982390120402,-5.422652348e-05
154,0.281831014725,0.0320054035289,0.0058611222043,-0.0182279149161,-0.00214383409597,-0.00815671527039,0.0060501985084,-0.00372917325059,-0.0106621266337,0.00408502249507,-0.000324124176609,-0.00273981911072,-0.00153519863119,0.000208794166565,0.000389323391351
155,0.227551011037,0.225275117473,0.177021816217,0.0310353733004,-0.0229420635508,0.00100769188521,-0.000584540323229,-0.00158271495846,-0.00407076293335,0.00276856084446,3.45747277693e-05,-0.00581639989271,0.000305606222269,-0.000855230247247,0.000473933600841
156,0.178319974276,-0.0767978818424,-0.106437260347,-0.0292130776869,0.107615023254,-0.0122382841901,-0.00708082997515,-0.00178723255858,0.00454380000984,0.0012555102744,-0.0267091193076,0.00875455400186,-0.00770266042377,0.00773682959426,-0.00509589268235
157,0.141430366916,0.0450951356086,-0.0840962759361,-0.0453116361413,0.0960110077305,-0.00560953472654,0.00286623318347,-0.000688425454663,0.00431389261284,0.00613358698352,-0.0204029881652,0.0079665484373,-0.0068818452489,0.00592274426999,-0.0055514374854
158,0.0785062452529,-0.0197500791252,-0.21989548473,-0.0478085362815,0.10669417443,-0.00873131395959,-0.00500279930214,0.00260530360905,0.00738830218829,0.0155863943388,-0.0192205507261,0.0105524973954,-0.00510667481943,0.00743831234453,-0.00722456951728
159,0.0239042232575,0.319663663252,-0.00798895753534,-0.0393829898143,0.0251854081013,0.00753773865118,0.00563655804512,-0.00116030997126,-0.000440438558087,0.00329093461777,-0.00950038231785,0.0048284428422,-0.00453371876221,0.00404415585074,-0.00231276228623
160,0.250833937975,-0.00964823453095,0.0602770188624,-0.0362053808915,0.0550654116355,0.000484939627264,0.00532858039676,-0.0312637770217,0.0366556643821,0.0181360477714,-0.0117394206963,0.00732971324879,0.00263000847067,0.00736339868422,-0.00715609858635
161,0.15845206705,0.019979463882,-0.0609215660727,-0.0575136256622,0.0935599236812,-0.00677238984691,0.0147474431197,-0.00210684202481,0.00413326546331,0.0068082210034,-0.020838445955,0.00742288807019,-0.00667418971555,0.0083460032855,-0.00421422275364
162,-1.06474330761,-0.0128815171131,-0.127423789487,-0.0564431156654,-0.0234303354122,-0.144331793968,-0.0256714059233,0.173058088531,0.0122018242146,-0.000577069462523,-0.0145999762758,-0.0722134678802,0.0366390849056,0.0026429246426,0.000869792885584
163,0.298930477032,-0.0417440280551,-0.0850955514353,0.00382865596866,-0.0145380924829,-0.0126432763601,-0.00476535854583,0.000935783415102,0.00259021525991,0.00177316419355,-0.000163727705755,-0.00069275811578,-0.00166076206856,-0.000543114455268,0.000562836738047
164,0.297199718348,-0.0802002310215,-0.117409856433,0.00636592311088,-0.0136992134405,-0.0124364434758,4.41606376015e-05,-0.0025153396408,0.00367512928172,0.00101371706103,-0.00171678249414,-0.00105360555916,-0.00257193050621,0.000157545695451,0.000378035013665
165,0.299944335546,-0.277882803402,-0.187126476779,0.0406054685161,-0.014018859656,-0.0384145390704,-0.0188764215836,0.0168648675964,0.00543121405689,0.00184492673061,-0.00159191889575,-0.00213325259403,-0.00223535802548,-0.000900432898066,0.00086164502982
166,0.260715706117,0.0218457747329,-0.0679549484626,-0.00254407242391,0.0105671907241,-0.0122358542006,-0.00783146075523,0.00760378994913,0.00364636338395,0.00179701897029,0.00196677336666,-0.000862479010336,-0.00375764389857,-0.00106222177561,0.000359302400724
167,0.286089158692,-0.0364178333991,-0.0706892563549,0.00832651931288,0.0095071079295,-0.0155944631664,-0.0125209899982,0.0076976311666,0.00351940412344,0.00224933009058,0.00167528296016,-0.000750137575008,-0.00334937692429,-0.000599611479779,0.000505165063453
168,0.281838956452,0.0443983687124,-0.0229741453967,0.0116607363392,-0.00471106050356,-0.00535425303084,0.00224185972936,0.00323161486551,0.00253101071664,-0.000305870970927,0.000860758197354,0.000640342122376,-0.00533627589003,-5.73639572542e-06,0.00108515542133
169,-1.08434549527,0.0596080925264,-0.283947164903,-0.0453324000233,-0.159206146919,0.0236278049704,0.0132470913845,-0.0107681831479,-0.00276864950025,0.00385915282166,0.00445145409263,0.00159753375663,-0.00865047720283,0.0168609161309,-0.00722834718236
170,-1.09415990524,0.0351151790659,-0.255871131402,-0.0276980150863,-0.111193491751,0.027977922325,-0.00554635182497,-0.00765591041788,-0.000885512578272,0.0092810773195,0.00738298689274,0.00290109009255,-0.0106548466664,0.0141202386683,-0.0122367176208
171,-1.10228677096,-0.0102923387973,-0.203552574537,0.0427200715179,-0.014005487777,0.0362171576301,-0.0673630953652,0.00013871685253,0.00190476998177,0.0210864666409,0.0139420572805,0.00683536746299,-0.0142752327932,0.00438056178892,-0.0250100082703
172,0.302103081956,-0.0106344870613,-0.0331936822596,0.0102378283321,-0.00762347898521,-0.00585395397822,0.00360723598112,-0.00741661487923,0.00281929144548,0.00110592428355,0.00138608920626,-0.0035075488571,-0.00361298227603,-0.00035226252028,0.00113336213079
173,-0.424390016541,0.28622146835,0.356109556195,-0.105159465294,0.17580266649,0.016041361903,-0.0726267937906,0.0288556982173,-0.000329593842944,-0.0296932634391,-0.000464493277935,-0.00242823104397,-0.0161785325408,-0.0037618639268,-0.00332322101072
174,-1.04833075267,0.133046160949,-0.36765207412,-0.0244780935473,-0.262403277719,-0.00426573638752,-0.0447071107932,0.00409833322914,-0.0116987135254,-0.00403982197582,0.00231993652074,0.00365198190095,0.00120679766958,-0.00333495555796,-0.00555169845807
175,-0.843462602718,0.341665420496,-0.21601726138,-0.0600719265439,-0.0960701602483,0.0108713116695,-0.0544676637145,0.016492187319,-0.00430900331138,-0.000390479452722,0.00847349549536,0.00341537606648,-0.00296634384911,-0.00618469593889,-0.00736805276694
176,-0.531844813386,0.514407854399,-0.0324201814376,-0.0564501321575,-0.0587293184679,0.0191803027232,-0.030418870589,0.0112619102181,-0.00477528350439,-0.00409475924615,0.00785741752524,0.00119873672644,-0.00292741822766,-0.000211248087394,-0.000894670187827
177,-1.04957241279,-0.259245858006,0.116642891446,-0.272791693188,0.00205945527769,-0.0115484016316,0.022764952302,0.0164175268676,-0.00291999317551,-0.0443284093108,-0.0187222073471,-0.00630596416895,-0.0255676111573,-0.0168051111684,-0.014689699765
178,0.273905680248,0.00772705821006,-0.0418581386547,-0.0140144225006,0.005108565094,-0.00974607650175,0.000773960508172,0.00406966660701,0.00315099164844,-0.000949645176589,-0.00150189248422,-0.00178545383423,-0.00387089334409,-0.000736289926978,0.00310805079114
179,0.285472899083,0.00775535993171,0.00788681198475,-0.00780295408924,0.0106015988238,-0.0123509546222,-0.000507631975643,0.00641417760587,0.00226613456421,-0.00126472922784,-0.00108588691203,-0.00206814674127,-0.00535048910481,-0.000124676089951,0.00192430075275
180,0.296839878864,-0.115909798009,-0.14002797393,0.00713418946544,-0.0150907449954,-0.0151659582197,-0.00235679956169,0.00417975067399,0.00453437788841,0.000158395209537,-0.00167965756751,-0.000567636572472,-0.00353124167809,-0.000867628452914,0.000678057615358
181,0.295985277308,-0.0815752711768,-0.119853262793,0.00858574854364,-0.0119003187488,-0.0133334753223,-0.00389273237999,0.00436460103492,0.00414738124114,0.000522995208804,-0.00095809324853,-0.000505395708696,-0.00331562634582,-0.00050075692361,0.000926968536912
182,0.29794536696,-0.110947629556,-0.135966463409,0.00514403438176,-0.0167704565973,-0.0141975422996,-0.00161373732342,0.00212711557084,0.0072600993028,0.00119902075479,-0.000843198213834,-0.000594274694015,-0.00275621686765,-0.0003939924787,0.000774683218806
183,0.285725032772,0.0213623852045,-0.0476800893989,0.00468358137774,-0.00976466930323,-0.00789788065735,-0.00100678752107,0.00345204938328,0.0024812910369,0.00048308834012,0.000124565677325,-0.00067627972009,-0.00338343365912,-0.000566843989476,0.00100405527723
184,0.219002697469,0.111782483916,-0.0573923197608,-0.00720076662829,0.00670375702817,0.024053765299,-0.00819708309096,0.0105522098937,0.0112093028086,-0.000654160094009,0.0100268990515,-0.00446429689275,0.00803983051907,-0.00135369295544,-9.5663699924e-05
185,0.312144153383,-0.00455382816937,0.00968767674856,0.0383218956055,0.00262722491356,0.0195889814397,-0.0275712542486,0.00936563440294,0.00917890228311,-0.00277221703284,0.00855226429408,-0.00448077902347,0.00935249489577,-0.00208863954814,-0.00055680482983
186,0.205528772228,0.143469945013,-0.0452633191676,-0.00970747680076,0.00373546732626,0.0243846850813,-0.00647139725311,0.00979045658273,0.0103305649743,-0.00122400396206,0.0094828447481,-0.00431480604826,0.00711596435952,-0.00242433993703,-0.00066340651036
187,0.292404455716,-0.178443615148,-0.180193198046,0.0055391970153,-0.0213925132366,-0.0204963560393,-0.000150044178586,-4.13263505882e-05,0.00109561030639,0.00157961683867,-0.000859643519482,-0.00235989421102,-0.00176031269951,-0.000628002661904,-4.84327954643e-05
188,0.295207239126,-0.0419252039004,-0.0830307106552,0.00273458227517,-0.00918617720238,-0.0136047302017,-0.00386863018571,0.00300987190496,0.00273850913498,7.57210912117e-05,-0.00129939465346,-0.000436499471613,-0.00194208535339,-0.000957260719702,0.000963786077249
189,0.295436003098,-0.00572856189312,-0.0479365736456,-0.000877149275102,-0.0120252151711,-0.0108312832961,-0.000767321856219,0.000203759773992,0.00484786467052,0.00120854858655,-0.000201132359866,-0.000573314423989,-0.00134576850054,-0.000862175951569,0.000796894643063
190,0.296636579002,-0.0186406453457,-0.0585880618776,-0.00071379942403,-0.012077464765,-0.0114768524716,-0.00124596232705,0.000163042709274,0.00542947444151,0.00125873525065,-0.000225532378146,-0.00056498126208,-0.00115491334746,-0.000495371296414,0.00101989651214
191,0.294858055756,-0.0541315803589,-0.0904721908125,-0.00205937870365,-0.0103175587977,-0.0142472026333,-0.00049473577722,0.00280503432203,0.00301043018342,-2.14427889585e-05,-0.00157340073685,-0.000596205163018,-0.00200244419413,-0.000599579005126,0.00119841423135
192,0.292184298889,-0.0265200925169,-0.072855233815,-0.00149481069685,-0.00928855822225,-0.0126983398094,-0.000835034722675,0.0027769262914,0.0026108368037,0.000459975019864,-0.0010247744601,-0.000536912986377,-0.00198550744573,-0.000806179725432,0.00101697361632
193,0.260720916974,0.145379750055,0.0700023471606,0.00307299343593,-0.0216224752562,0.00369300453479,-0.00254491785373,-0.00089064188115,-0.000983802947828,-1.94427851882e-05,0.00174989471918,-0.0012174553688,-0.00129619317797,-0.000387794184223,0.000860147737621
194,0.272882786732,0.118373716201,0.0546177610013,0.00758172332915,-0.018151300878,0.00261987237396,-0.00628723420251,-0.000209338959552,-0.000432893936568,0.000817040452039,0.0020777759747,-0.00104495948395,-0.000873797554985,6.26025163178e-05,0.00101170091749
195,0.276860773092,0.115365647385,0.0630788627822,0.007478426793,-0.019609513944,0.00239395821452,-0.00526005052958,-0.00074324763138,-0.00071188476546,-0.000264301926853,0.00138150707824,-0.00118856577114,-0.00125831355691,-0.000514612323731,0.00076854210081
196,0.285321815272,0.00362142404212,-0.0497217311551,0.0105092093946,0.00148978105034,-0.0008516789619,-0.00694001805601,-0.00155269366818,0.0115417057427,-8.65398088173e-05,-0.00167195392205,-0.000417453483407,-0.00242645268352,0.000844287995504,-0.000668356490566
197,0.294956056211,-0.0767932442002,-0.105789549606,-0.00417042708224,-0.0109195681521,-0.00669550351394,-0.00197398273635,-0.00147205494227,0.00317638269912,0.00156206102253,0.0009756771291,-0.00171127437673,0.000696021969991,-0.00100469431739,0.000265908993074
198,0.255269681319,-0.242431588498,-0.256662042477,-0.0017690396304,-0.0263381394546,-0.0162480054322,-0.00364395157519,0.00350878814152,-0.00118643833883,0.00161420244688,-0.00125215035712,-0.00141280121757,0.00075588338322,-0.000494887281213,0.00047741705566
199,0.270500424445,-0.0508741530985,-0.130139166759,-0.00909146252785,-0.00375041871465,-0.00670274596068,-0.000976159743896,0.00361606345122,-0.00163628152282,0.0004858128521,0.000348567019816,-0.00161425670296,-0.000664623214346,-0.00105905741692,0.00060517901322
200,0.2923146992,0.028824620872,-0.0153234164808,-0.0024402850249,-0.013245634797,-0.00953327390656,0.0004675721647,-0.00334222621904,0.000824309913086,0.00158880720112,0.00153433964129,-0.0018825077052,-0.000835858547122,-5.79786104578e-05,0.000701811148026
201,0.276696474678,-0.00859169317856,-0.0910829185386,-0.0032168066138,-0.0055373448239,-0.01261249833,-0.00355752334816,0.0010906782958,-0.00122654884189,0.000943883676346,0.000730434654476,-0.00162461452836,-0.00167834103235,-0.000699188249278,0.000455006471442
202,0.291014763306,-0.163636326317,-0.17355781756,-0.0015755740291,-0.0207858401753,-0.0202634936106,-0.00359488457776,-0.00307475985872,0.00411803632796,0.00231617406313,-0.00011023514851,-0.00173850477728,-0.000219962802994,-0.000740748790287,-0.00020867061709
203,0.282391077695,-0.0142988660391,-0.0801253363155,-0.00653493772786,-0.00721738517593,-0.0128569409135,0.000158364043589,0.000516605114359,-0.00142131500833,0.00122682968975,0.000582975641994,-0.00177256811876,-0.00179477555169,-0.000789086271448,0.00032667060066
204,0.100765561783,0.192558117373,-0.0997517474731,-0.0511464043393,0.0316640740127,-0.00824100645191,-0.00015590945387,0.0049475922119,0.00364390782667,0.00171177375123,-0.00321868453254,-0.000243780299243,-0.00430974744258,-0.000394065730438,0.00486118858657
205,0.181505123972,0.0851310451343,-0.054616110976,-0.058800952578,0.0401759178779,-0.0143455196681,0.0111885523128,0.00333302239232,0.00360139367655,0.00635356996208,-0.00406239985829,-0.0004790081203,-0.00477146647206,-0.00200109775611,0.00335842975099
206,0.0861334208088,0.351817972801,0.145978819443,0.0275244482204,-0.00199287785243,0.02476708602,-0.00218539759301,0.00122382740029,-0.00206399924868,-0.00045818681586,0.000672517256931,0.00468667889753,-0.000781185518986,0.00415118385279,-0.00169818404046
207,0.176656133286,0.281292630833,0.312532827587,0.0375982415839,-0.0348852542378,0.0185815399352,0.010979759592,-0.00601603692894,-0.00780832558765,-0.00196277779099,-0.00189151165899,0.00292222702743,-0.00127695662865,0.0029360817464,-0.00183006160059
208,0.158088110504,0.328610810053,0.312919856033,0.0578324816491,-0.0553767413374,0.0215565571596,-0.00852749839775,-0.0145641361184,0.00325216655399,0.00326458032915,0.00339811962739,0.00330940770577,0.00312377370209,0.00269968671436,-0.00219313024038
209,0.17225274208,0.245448100851,0.207798503923,0.0176546674209,0.0115185658574,0.0230854419004,0.0161022177273,-0.000914726305165,-0.00148533289241,0.0014317407691,-0.00163785697694,0.00490434131963,-0.00206131085436,0.00237283588986,-0.00455415076436
210,0.099926272948,0.386286690587,0.293496632286,0.0446038720531,-0.0626956022537,0.0189119133112,-0.000601243411395,-0.00570087235392,-0.0101535104328,0.000927599760082,0.00198493895632,0.00253281397171,0.000253753491291,0.00233040641862,-0.000844224096372
211,0.277809456214,0.082647237411,0.036098440003,-0.000997936001668,-0.0099811564793,-0.00189395949307,-0.000493339747313,0.00372300297931,0.000445004580431,0.0010024304536,-0.000260567234895,-0.000193925911143,-0.00239397589479,-0.000493709769539,0.000852756060123
212,0.262582854119,0.124517169215,0.0510169036954,-0.0020388735905,-0.0155662113982,0.000972981915271,-0.00108187021119,0.000112610714446,0.00390476878697,0.000137149529368,0.000381152012842,-0.000381289261639,-0.00164868740041,-0.000200306385477,0.00111494604181
213,0.296784306315,-0.0948859249249,-0.10121336493,0.0136370185266,0.00330185117556,-0.00775798711884,-0.00526590529631,0.00468741199159,0.00496262861734,0.00277200783571,-0.00290840853902,-7.64343389347e-05,-0.00291143805036,0.000301296049765,-3.03623142403e-05
214,0.265114336544,-0.304224664543,-0.247781424826,0.0190131911715,-0.0240208045461,-0.018032293078,-0.00530256691287,0.00444004351254,0.00698017050668,0.00367620813131,-0.00585905787038,0.000350611565463,-0.00236170777198,8.67682957965e-05,-0.000921360335817
215,0.269288230563,0.0286567450289,-0.0538592624536,-0.00361614594099,0.000110569482393,-0.000275203144315,0.00130344617816,-0.00130995617254,0.0110784403948,0.00196834220619,-0.000874425844345,-0.000630622129188,-0.00200424563606,0.000523383151454,0.000354321730885
216,0.250230507038,0.125385670741,0.0276666891541,0.0030488622172,-0.00390575140407,0.00202024459429,0.0015008315017,0.00232901218189,0.00112503328713,0.000906171305811,-0.000694491282887,-0.000589842515378,-0.00318712198656,3.51516085306e-05,0.000576782532229
217,0.292144168163,-0.0539117021949,-0.076946876266,0.0081641485908,0.00425227559021,-0.00583163033138,-0.00199814561094,0.00426361454796,0.00449936702362,0.00226055113108,-0.00263694425134,-0.00028753825987,-0.0031633411041,0.000242441245013,0.000106328617283
218,0.147501510628,0.291256722123,0.142125987765,-0.0116957012433,-0.0173569229958,0.011654487791,-0.0013324227999,0.0041597157353,-0.00320319083558,0.000740905203884,0.000177069818809,0.00103644386382,-0.00241197593822,4.5219576199e-05,0.000668128719935
219,0.221276099405,0.248201914945,0.283009917063,0.0284370623615,-0.0500336725971,0.010240192824,-0.0112292645924,-0.00823254930644,0.000782639079057,0.000981268422859,0.000846938692442,0.000669289624294,0.000673881035552,0.00035414699995,0.000436275432664
220,0.227067256212,0.0834677597485,-0.00124779856373,-0.0378257363552,0.0204486238534,0.0105064660725,-0.00789810069668,-0.00312207543021,0.0243520809134,0.00154955679033,-0.00127822486801,0.00170326764574,-9.34190402389e-05,0.000106942837554,-0.000459117258121
221,0.265053877325,-0.252675360945,-0.248391670464,0.00187479392724,-0.0308018094594,-0.0254437018223,-0.00445248084477,0.00366815853383,0.00546258419834,0.00146279087516,-0.00421872766202,-0.000492053754486,-0.00198853295093,-0.000554516123651,0.0011333691892
222,0.25388164799,0.00587786336954,-0.0811491429585,-0.0301753181552,0.00516785480579,-0.012144498129,0.00387819196516,-0.00509694024245,0.0150143179963,0.00347549318262,0.00149049127949,-0.00257353885982,-0.00233638529573,-0.000365725286713,0.00163614703601
223,0.26204985862,0.103410630969,0.0603117120969,-0.0101896388396,-0.00215809028326,-0.00877158984508,0.00422290786246,0.000241108600036,-0.000544862044357,0.0023657175993,0.000790569204286,-0.00219353475195,-0.00394774640949,-0.00107807932659,0.00137425284848
224,0.214347976833,0.214064680763,0.107904231387,-0.00179903140304,-0.0165122567903,-0.00241028448863,0.000595750752169,-0.000647035594388,-0.00292846619204,0.00137469231979,0.00190485928761,-0.00177138842313,-0.00320609122911,-0.000701931056859,0.0016489368227
225,0.290898965263,0.0318005844163,-0.025708250778,0.00489790292814,-0.0128733849902,-0.00858550402958,-0.00342139036731,-0.00102469589105,0.00148696318674,0.000270643840204,0.00158322040983,-0.00214055543891,-0.00253378797421,-0.000573131643498,0.00121821569217
226,0.298611163063,-0.01448917937,-0.057730168755,0.00562810497868,-0.0125015994556,-0.0109347928833,-0.00441742186192,-0.000826369626818,0.00268514927063,0.00174293015129,0.00193812671696,-0.00206363654359,-0.00207800635074,-0.000169217276029,0.00123249544304
227,0.286339598042,-0.192233110368,-0.196595385575,0.0211359434326,-0.0145187558171,-0.022889019372,-0.0110741424835,-0.00147966570464,0.0127391131081,0.0054427630924,-0.00388829614318,0.00302092006546,-0.00248526067083,0.00198099876297,0.000140812283315
228,0.311978279688,-0.220559343114,-0.142618613207,0.0129854091418,-0.0170049475158,-0.0262929722895,0.00354058957584,0.00182309098091,0.00316804930346,0.00283343856619,-0.00708044618361,0.00223781792352,-0.00516216757929,0.00116047273378,7.75439803039e-05
229,0.144327674381,0.0671775380245,-0.103957298918,-0.0899506155616,0.0469793303868,-0.0117346707162,0.000897112469351,-0.0233701527625,0.0382644555824,0.00859246138207,-0.0140924878144,0.00447711655695,0.000621149841109,0.00815037264104,-0.00273457971346
230,0.275811993707,0.121474114717,0.0889995457948,0.00428110083076,-0.0194412343792,-0.00549445443516,-0.000568027214408,-0.00447886232473,0.00225398284325,0.00185682686759,-0.00125275842227,-4.05284900715e-05,-0.00175332389232,0.000260977941433,0.000418816148916
231,0.248897898165,0.105592346189,0.0353287221107,-0.0113832250547,0.00618725476518,0.000843000823688,-0.0026408865278,0.00626614885699,0.00181869306391,-0.000315370242286,0.000176158522171,-0.0006691157867,-0.00292845614,-0.000898517416712,0.00319817484759
232,0.263481130669,-0.0412709452588,-0.0793473620413,-0.0264508700916,0.0164616095605,-0.00553507436892,0.00065598764214,0.00878493924553,0.00587649905303,-0.00252702112124,-0.00268849533083,-0.000970990614736,-0.00383986783204,-0.000955563765009,0.0039492628905
233,0.236465278398,0.143927291406,0.0588288320753,-0.00991925654537,0.000697179920941,0.00244316730873,-0.00205226274833,0.00525419566682,0.000753497586797,-0.000591875810686,0.000292046873758,-0.000646979998294,-0.00317394966153,-0.00202210784889,0.00234757230586
234,0.287029143768,-0.0111552975356,-0.0448908759964,-0.00438837246984,0.00172557100669,-0.0147286052552,-0.00208747118418,0.00203521791021,0.00135900767585,0.0025314061559,-0.00223078767908,0.00105672463937,-0.001198683233,0.000302641930949,-0.000739499843563
235,0.260899780841,0.108101124491,0.0271832311139,-0.00689890451503,-0.00974946187378,-0.00632910715292,-0.000249058803676,-0.0041232039738,0.00563525337379,0.000924060941419,-0.000563367502482,0.000403622183069,-0.00041428574435,0.000323309167378,-0.000235615569512
236,0.237225093584,-0.120427448322,-0.210818339604,-0.0177203203599,0.00404763914088,-0.0194215892693,0.00415332551067,0.00223257115099,0.00624990520389,0.00147326736176,-0.00313579841848,0.000608481290286,-0.00180921874544,-0.000357893069921,0.00139186835563
237,0.25495945652,0.144530645633,0.0698403254658,0.0031038025507,-0.0134706631098,-0.00290347016784,0.000306679807732,-0.00611017729265,0.00477673771271,0.000865813410913,0.000859939390798,-0.000197772365112,-0.000458784219447,-2.68629702315e-05,0.00153187159798
238,0.269693984972,0.117803456369,0.0442467746699,0.0133235613459,-0.0134576120024,-0.00127980836858,-0.00262604277638,-0.00234100574588,0.00346210048722,0.000769145848899,0.000428920007924,-0.000825658687278,-0.00258384378613,0.000310169551213,0.000176269681598
239,0.312923965193,-0.0715482722613,-0.0479967188634,0.00557937016126,-0.0051940715313,-0.00920055209105,0.00215598225956,-0.0015042244923,-0.0068011761635,0.000807160214765,-0.000665623167167,-0.00317741995311,-0.00348799812258,-0.000255841366265,0.00100807376631
240,-0.343492975874,0.0901231500952,-0.0796276071749,-0.169401799055,0.236501007657,-0.0600527547498,-0.0280417885841,0.00372571250165,-0.000233733844603,0.00443210271714,-0.021541943251,0.0232948561971,0.0182793436228,-0.0141997000882,0.00805891870687
241,-0.533299112202,0.230841015504,-0.243374568792,-0.156963861721,0.0786668035883,-0.039091784958,-0.00414092750827,0.00174713607716,-0.00143350332427,0.0142301705459,-0.0101844569883,0.0187200882528,0.0155816143085,-0.0128252258059,0.00277802529595
242,-0.692325426471,0.243300840762,-0.373639960785,-0.0998811341216,-0.0553276195199,-0.0323983416583,-0.0169897779771,-0.00188062672737,-0.00536049771418,0.0026151389695,-0.00977408527837,0.0149403650153,0.0158736822525,-0.00129906247229,0.00905743010908
243,-0.585418438538,0.21084981401,-0.295823082324,-0.133935671994,0.0622641813248,-0.0412065650883,-0.0200472229167,0.00305198724158,-0.00197798234474,0.0129529405787,-0.00876392284602,0.0189783748128,0.0197111232374,-0.00166291454896,0.0104087917397
244,0.257494464818,0.161637301474,0.0810651778918,0.0176161223009,-0.0200768068431,0.00348726638239,-0.00588750733973,-0.00585097196867,-0.00228708259151,0.00106468441867,0.00225731885881,-0.00251453553215,-0.00116778448989,2.64905765709e-05,0.000661352100936
245,0.266717698781,-0.310182785104,-0.27272631758,0.0223936307401,-0.045382395076,-0.0227701061353,-0.00702977391927,-0.0035181909159,0.00682047514725,0.0033618417512,-0.00235672055525,-0.0054699442781,0.00122967293929,3.44264126924e-05,-0.000749676362778
246,0.2569750103,0.0935075545017,0.0236265599277,-0.00406893729064,0.00604875134448,-0.0117593409311,-0.00400523661905,0.000862857654079,0.000130140147423,0.00112187669589,0.000856433763663,-0.00229445866579,-0.00406570419348,-9.13678092117e-05,0.0014887203087
247,0.270194042583,0.090454634458,0.0701166513687,-0.0113299767437,-0.00278705360959,-0.0116801890545,0.00636510790256,-0.00149696452312,-0.00111678402001,-0.000513731541851,-0.000496832788265,-0.0029129163225,-0.00462909109864,-0.000153026707023,0.00159535695586
248,0.291438615106,0.0585087519158,0.0042539527151,0.00987352442325,-0.0165501218661,-0.00553736628274,-0.000110192255352,-0.00089217872795,0.000361480165938,0.00154459656349,0.00282816849264,0.000154704121994,-0.00336171255462,-9.47615637663e-06,0.00182416343818
249,0.296729493904,-0.0455099622037,-0.0868502446085,0.00374171483655,-0.0109760637708,-0.00869662139289,-0.00632260740285,0.000615488327869,0.00349397964245,0.00177363997327,0.000908368418343,-0.00144404015274,-0.00130423686303,0.000117093379112,0.00086710473118
250,0.137893046579,0.219767076818,-0.000298905154107,-0.0443385065256,0.0158523795044,-0.00201474006631,-0.00481461677857,-0.0132082457444,0.0224994304446,0.00644070314945,0.000381376583316,-0.000172861537401,0.000135182492353,-0.00216581093476,0.002688004452
251,0.136630953299,0.252295178407,0.0638137901161,-0.0256665912022,0.016086170987,-0.00465262045643,-0.00330103300524,0.00162396404533,-0.0015117388769,0.00444202481083,-0.00132222975016,-1.9016189653e-05,-0.00300866465476,-0.000111786035884,0.00441347820467
252,0.289092702373,0.0774998676761,0.0455147717938,0.0035773687227,-0.0164691091653,-0.00196460430386,-0.000403474951412,-0.00466002763937,-0.0012888751237,0.00111717439015,0.00126659908218,-0.00292030551143,-0.00113748656647,-0.000692946684666,0.00106340386613
253,0.289024699162,0.0383406605534,-0.0245658260994,0.0118227148943,-0.0102795591416,-0.00453867015047,-0.00321063169458,-0.0027614086991,0.00218795858556,0.000348603296619,0.000904291523076,-0.00130211981626,-0.00289357323072,-6.71477443807e-05,0.000799216473738
254,0.252661823892,0.157234690374,0.0592578013248,0.0124874085599,-0.017611599625,0.000123623273651,-0.000606736074114,-0.000709985312898,-0.00435289003484,0.000653309968171,0.00177865677638,-0.00113255848999,-0.00317584611125,-7.99405350862e-05,0.00101066371101
255,0.300058946432,-0.0422520394701,-0.0781461800135,0.0118584062372,-0.00974683832687,-0.0124875919635,0.00190813902932,0.00393590821826,0.00356814077226,0.00119736337635,-0.000556549829671,-0.00140077142104,-0.00386043642845,-0.000188148961327,0.000153994388009
